Date;close
01/10/2024;2631,98
30/09/2024;2624,78
27/09/2024;2643,15
26/09/2024;2654,56
25/09/2024;2649,84
24/09/2024;2622,58
23/09/2024;2613,6
20/09/2024;2584,81
19/09/2024;2551,26
18/09/2024;2546,98
17/09/2024;2560,84
16/09/2024;2575,4
13/09/2024;2556,52
12/09/2024;2511,02
11/09/2024;2501,01
10/09/2024;2500,16
09/09/2024;2485,6
06/09/2024;2485,15
05/09/2024;2493,76
04/09/2024;2471,95
03/09/2024;2473,25
02/09/2024;2490,14
30/08/2024;2494,36
29/08/2024;2503,65
28/08/2024;2493,66
27/08/2024;2503,41
26/08/2024;2508,71
23/08/2024;2481,2
22/08/2024;2470,86
21/08/2024;2494,15
20/08/2024;2497,33
19/08/2024;2485,83
16/08/2024;2450,76
15/08/2024;2432,19
14/08/2024;2438,12
13/08/2024;2458,5
12/08/2024;2423,84
09/08/2024;2416,93
08/08/2024;2380,7
07/08/2024;2379,05
06/08/2024;2381,79
05/08/2024;2364,4
02/08/2024;2410,83
01/08/2024;2430,25
31/07/2024;2403,86
30/07/2024;2376,51
29/07/2024;2369,77
26/07/2024;2355,89
25/07/2024;2353,19
24/07/2024;2396,5
23/07/2024;2388,26
22/07/2024;2384
19/07/2024;2393,92
18/07/2024;2440,41
17/07/2024;2451,6
16/07/2024;2423,54
15/07/2024;2401,35
12/07/2024;2391,52
11/07/2024;2370,83
10/07/2024;2362,73
09/07/2024;2349,59
08/07/2024;2351,16
05/07/2024;2354,03
04/07/2024;2350,76
03/07/2024;2326,93
02/07/2024;2319,24
01/07/2024;2318,55
28/06/2024;2319,15
27/06/2024;2296,5
26/06/2024;2293,7
25/06/2024;2315,56
24/06/2024;2317,37
21/06/2024;2316,76
20/06/2024;2327,3
19/06/2024;2323,84
18/06/2024;2306,63
17/06/2024;2310,02
14/06/2024;2301,35
13/06/2024;2295,68
12/06/2024;2310,8
11/06/2024;2297,69
10/06/2024;2287,31
07/06/2024;2286,77
06/06/2024;2353,6
05/06/2024;2325,88
04/06/2024;2315,53
03/06/2024;2314,76
31/05/2024;2323,96
30/05/2024;2322,72
29/05/2024;2334,75
28/05/2024;2340,17
27/05/2024;2332,36
24/05/2024;2325,4
23/05/2024;2327
22/05/2024;2374,98
21/05/2024;2406,32
20/05/2024;2407,34
17/05/2024;2373,96
16/05/2024;2371,01
15/05/2024;2351,82
14/05/2024;2334,55
13/05/2024;2332,34
10/05/2024;2345,25
09/05/2024;2306,67
08/05/2024;2303,85
07/05/2024;2310,06
06/05/2024;2291,79
03/05/2024;2277,47
02/05/2024;2285,58
01/05/2024;2281,66
30/04/2024;2284,94
29/04/2024;2320,08
26/04/2024;2326,3
25/04/2024;2305,28
24/04/2024;2311,9
23/04/2024;2291,4
22/04/2024;2325,29
19/04/2024;2372,96
18/04/2024;2360,7
17/04/2024;2354,84
16/04/2024;2362,95
15/04/2024;2324,59
12/04/2024;2333,9
11/04/2024;2325,84
10/04/2024;2319,54
09/04/2024;2336,94
08/04/2024;2302,86
05/04/2024;2267,85
04/04/2024;2280,15
03/04/2024;2265,5
02/04/2024;2246,79
01/04/2024;2228,54
28/03/2024;2187,33
27/03/2024;2173,59
26/03/2024;2167,75
25/03/2024;2163,5
22/03/2024;2157,15
21/03/2024;2166,5
20/03/2024;2149,6
19/03/2024;2146,9
18/03/2024;2146,05
15/03/2024;2155,19
14/03/2024;2152,86
13/03/2024;2155,54
12/03/2024;2150,59
11/03/2024;2174,8
08/03/2024;2154,08
07/03/2024;2144,29
06/03/2024;2123,65
05/03/2024;2110,52
04/03/2024;2079,45
01/03/2024;2038,55
29/02/2024;2027,75
28/02/2024;2024,56
27/02/2024;2028,78
26/02/2024;2025,1
23/02/2024;2015,55
22/02/2024;2019,7
21/02/2024;2020,19
20/02/2024;2015,02
19/02/2024;2011,57
16/02/2024;1995,26
15/02/2024;1990,25
14/02/2024;1984,3
13/02/2024;1990,19
12/02/2024;2011,91
09/02/2024;2020,3
08/02/2024;2019,75
07/02/2024;2030,65
06/02/2024;2022,55
05/02/2024;2014,4
02/02/2024;2027,45
01/02/2024;2029,55
31/01/2024;2031
30/01/2024;2029,19
29/01/2024;2017,38
26/01/2024;2015,97
25/01/2024;2010,15
24/01/2024;2011,28
23/01/2024;2019,59
22/01/2024;2016,74
19/01/2024;2020,37
18/01/2024;2005,43
17/01/2024;2001,91
16/01/2024;2024,29
15/01/2024;2045,8
12/01/2024;2027,99
11/01/2024;2013,32
10/01/2024;2020,45
09/01/2024;2026,11
08/01/2024;2016,84
05/01/2024;2024,49
04/01/2024;2036,24
03/01/2024;2030,68
02/01/2024;2056,04
01/01/2024;2063,3
29/12/2023;2057,75
28/12/2023;2065,89
27/12/2023;2061
26/12/2023;2053,59
25/12/2023;2053,96
22/12/2023;2045,65
21/12/2023;2029,44
20/12/2023;2029,37
19/12/2023;2021,74
18/12/2023;2015,99
15/12/2023;2015,68
14/12/2023;2024,33
13/12/2023;1973,09
12/12/2023;1977,19
11/12/2023;1975,95
08/12/2023;1994,74
07/12/2023;2020,26
06/12/2023;2017,27
05/12/2023;2010,02
04/12/2023;2020,34
01/12/2023;2033,75
30/11/2023;2031,84
29/11/2023;2035,05
28/11/2023;2011,6
27/11/2023;2000,67
24/11/2023;1991,4
23/11/2023;1989,01
22/11/2023;1986,89
21/11/2023;1977,34
20/11/2023;1965,2
17/11/2023;1978,59
16/11/2023;1956,49
15/11/2023;1955,41
14/11/2023;1943,4
13/11/2023;1931,73
10/11/2023;1933,18
09/11/2023;1944,3
08/11/2023;1947,48
07/11/2023;1956,2
06/11/2023;1977,52
03/11/2023;1983,26
02/11/2023;1978,9
01/11/2023;1969,9
31/10/2023;1978,9
30/10/2023;1990,5
27/10/2023;1976,35
26/10/2023;1971,6
25/10/2023;1963,34
24/10/2023;1953,5
23/10/2023;1964,36
20/10/2023;1971,93
19/10/2023;1945,18
18/10/2023;1923,05
17/10/2023;1911,85
16/10/2023;1907,65
13/10/2023;1868,94
12/10/2023;1866,92
11/10/2023;1858,6
10/10/2023;1852,65
09/10/2023;1832,63
06/10/2023;1810,1
05/10/2023;1812,7
04/10/2023;1816,15
03/10/2023;1814,7
02/10/2023;1826,6
29/09/2023;1846,34
28/09/2023;1857,76
27/09/2023;1872,47
26/09/2023;1899,17
25/09/2023;1915
22/09/2023;1919,58
21/09/2023;1913,4
20/09/2023;1927,9
19/09/2023;1929,71
18/09/2023;1922,15
15/09/2023;1909,74
14/09/2023;1900,95
13/09/2023;1905,5
12/09/2023;1907,15
11/09/2023;1916,9
08/09/2023;1917,36
07/09/2023;1916,1
06/09/2023;1914,8
05/09/2023;1925,22
04/09/2023;1936,15
01/09/2023;1934,59
31/08/2023;1938,86
30/08/2023;1934,94
29/08/2023;1914
28/08/2023;1912,83
25/08/2023;1903,4
24/08/2023;1911,35
23/08/2023;1897,23
22/08/2023;1888,6
21/08/2023;1884,5
18/08/2023;1886,2
17/08/2023;1884,5
16/08/2023;1891,3
15/08/2023;1896,15
14/08/2023;1902,2
11/08/2023;1910,94
10/08/2023;1911,73
09/08/2023;1914,05
08/08/2023;1922,5
07/08/2023;1931,53
04/08/2023;1929,75
03/08/2023;1929,55
02/08/2023;1933
01/08/2023;1941,2
31/07/2023;1951
28/07/2023;1944,27
27/07/2023;1942,61
26/07/2023;1961,99
25/07/2023;1953,21
24/07/2023;1953,42
21/07/2023;1956,82
20/07/2023;1965,4
19/07/2023;1969,75
18/07/2023;1954,44
17/07/2023;1945,82
14/07/2023;1951
13/07/2023;1952,71
12/07/2023;1932,18
11/07/2023;1924,4
10/07/2023;1912,68
07/07/2023;1909,56
06/07/2023;1902,68
05/07/2023;1914,48
04/07/2023;1919,9
03/07/2023;1910,1
30/06/2023;1900,56
29/06/2023;1893,01
28/06/2023;1902,84
27/06/2023;1911,19
26/06/2023;1921,59
23/06/2023;1910,24
22/06/2023;1912,34
21/06/2023;1919,34
20/06/2023;1929,77
19/06/2023;1947,8
16/06/2023;1953,42
15/06/2023;1925,3
14/06/2023;1939,73
13/06/2023;1939,99
12/06/2023;1948,8
09/06/2023;1956,73
08/06/2023;1939,81
07/06/2023;1939,8
06/06/2023;1954
05/06/2023;1938,14
02/06/2023;1947,67
01/06/2023;1953,43
31/05/2023;1953,67
30/05/2023;1932,08
29/05/2023;1940,3
26/05/2023;1936,84
25/05/2023;1938,86
24/05/2023;1956,51
23/05/2023;1954,29
22/05/2023;1968,4
19/05/2023;1954,05
18/05/2023;1951,97
17/05/2023;1974,8
16/05/2023;1985,47
15/05/2023;2007,28
12/05/2023;2001,05
11/05/2023;2011,19
10/05/2023;2021,57
09/05/2023;2019,5
08/05/2023;2014,1
05/05/2023;1999,3
04/05/2023;2030,34
03/05/2023;2007,96
02/05/2023;1978,38
01/05/2023;1977,05
28/04/2023;1976,08
27/04/2023;1973,8
26/04/2023;1983,43
25/04/2023;1976,14
24/04/2023;1974,19
21/04/2023;1971,65
20/04/2023;1990,49
19/04/2023;1969,28
18/04/2023;1991,33
17/04/2023;1981,34
14/04/2023;1992,41
13/04/2023;2012,45
12/04/2023;2001,18
11/04/2023;1988,72
10/04/2023;1981,59
06/04/2023;2000,88
05/04/2023;2009,99
04/04/2023;1977,01
03/04/2023;1949,82
31/03/2023;1966,89
30/03/2023;1955,44
29/03/2023;1958,62
28/03/2023;1948,66
27/03/2023;1943,68
24/03/2023;1975,18
23/03/2023;1964,39
22/03/2023;1934,33
21/03/2023;1935,41
20/03/2023;1965,77
17/03/2023;1918,33
16/03/2023;1907,55
15/03/2023;1885,78
14/03/2023;1895,17
13/03/2023;1869,01
10/03/2023;1827,71
09/03/2023;1811,84
08/03/2023;1809,4
07/03/2023;1812,72
06/03/2023;1845,08
03/03/2023;1834,51
02/03/2023;1829,44
01/03/2023;1823,05
28/02/2023;1804,65
27/02/2023;1806,68
24/02/2023;1808,91
23/02/2023;1817,55
22/02/2023;1823,05
21/02/2023;1829,7
20/02/2023;1837,09
17/02/2023;1818,34
16/02/2023;1827,18
15/02/2023;1830,2
14/02/2023;1843,2
13/02/2023;1850,42
10/02/2023;1852,69
09/02/2023;1858,89
08/02/2023;1867,4
07/02/2023;1864,94
06/02/2023;1860,39
03/02/2023;1861,41
02/02/2023;1911,33
01/02/2023;1920,56
31/01/2023;1900,74
30/01/2023;1920,58
27/01/2023;1916,65
26/01/2023;1918,74
25/01/2023;1919,88
24/01/2023;1916,82
23/01/2023;1911,44
20/01/2023;1920,58
19/01/2023;1900,48
18/01/2023;1896,56
17/01/2023;1903,51
16/01/2023;1910,74
13/01/2023;1891,8
12/01/2023;1873,64
11/01/2023;1866,75
10/01/2023;1867,37
09/01/2023;1864,59
06/01/2023;1830,53
05/01/2023;1824,68
04/01/2023;1835,92
03/01/2023;1824,42
02/01/2023;1823,85
30/12/2022;1809,84
29/12/2022;1802,02
28/12/2022;1796,56
27/12/2022;1796,2
26/12/2022;1798,04
23/12/2022;1789,62
22/12/2022;1784,11
21/12/2022;1811,24
20/12/2022;1784,21
19/12/2022;1783,48
16/12/2022;1773,89
15/12/2022;1772
14/12/2022;1796,07
13/12/2022;1779,81
12/12/2022;1777,22
09/12/2022;1787,96
08/12/2022;1780,96
07/12/2022;1768,32
06/12/2022;1765,72
05/12/2022;1765,32
02/12/2022;1778,26
01/12/2022;1767,36
30/11/2022;1744,41
29/11/2022;1738,98
28/11/2022;1739,14
25/11/2022;1745,46
24/11/2022;1749,03
23/11/2022;1728,25
22/11/2022;1736,61
21/11/2022;1732,03
18/11/2022;1747,04
17/11/2022;1754,13
16/11/2022;1769,82
15/11/2022;1766,56
14/11/2022;1752,9
11/11/2022;1746,85
10/11/2022;1703,32
09/11/2022;1701,79
08/11/2022;1664,32
07/11/2022;1666,44
04/11/2022;1628,23
03/11/2022;1616,18
02/11/2022;1634,4
01/11/2022;1630,93
31/10/2022;1631,77
28/10/2022;1637,39
27/10/2022;1654,81
26/10/2022;1649,15
25/10/2022;1637,82
24/10/2022;1643,64
21/10/2022;1617,21
20/10/2022;1621,93
19/10/2022;1627,25
18/10/2022;1645,61
17/10/2022;1643,69
14/10/2022;1639,9
13/10/2022;1642,25
12/10/2022;1660,95
11/10/2022;1660,45
10/10/2022;1665,3
07/10/2022;1690,35
06/10/2022;1706,53
05/10/2022;1700,15
04/10/2022;1694,73
03/10/2022;1659,1
30/09/2022;1658,93
29/09/2022;1641,05
28/09/2022;1614,35
27/09/2022;1621,77
26/09/2022;1620,8
23/09/2022;1639,59
22/09/2022;1655,53
21/09/2022;1654,15
20/09/2022;1659,6
19/09/2022;1659,67
16/09/2022;1653,85
15/09/2022;1660,04
14/09/2022;1693,26
13/09/2022;1696,7
12/09/2022;1711,97
09/09/2022;1708,22
08/09/2022;1703,5
07/09/2022;1690,9
06/09/2022;1699,3
05/09/2022;1707,47
02/09/2022;1694,64
01/09/2022;1688,35
31/08/2022;1709,1
30/08/2022;1720,85
29/08/2022;1720,08
26/08/2022;1733,83
25/08/2022;1749,71
24/08/2022;1742,29
23/08/2022;1730,52
22/08/2022;1727,51
19/08/2022;1745,19
18/08/2022;1755,37
17/08/2022;1759,58
16/08/2022;1771,33
15/08/2022;1772,75
12/08/2022;1784,52
11/08/2022;1783,24
10/08/2022;1787,32
09/08/2022;1782,85
08/08/2022;1770,94
05/08/2022;1764,88
04/08/2022;1763
03/08/2022;1754,33
02/08/2022;1759,86
01/08/2022;1758,05
29/07/2022;1752,19
28/07/2022;1733,59
27/07/2022;1711,46
26/07/2022;1713,2
25/07/2022;1714,57
22/07/2022;1712,93
21/07/2022;1680,78
20/07/2022;1692,53
19/07/2022;1704,96
18/07/2022;1705,89
15/07/2022;1698,82
14/07/2022;1697,48
13/07/2022;1707,38
12/07/2022;1722,93
11/07/2022;1731,01
08/07/2022;1733,24
07/07/2022;1735,95
06/07/2022;1731,75
05/07/2022;1763,48
04/07/2022;1803,45
01/07/2022;1784,1
30/06/2022;1802,2
29/06/2022;1812,1
28/06/2022;1818,2
27/06/2022;1820,4
24/06/2022;1816,7
23/06/2022;1821,88
22/06/2022;1823,23
21/06/2022;1828,29
20/06/2022;1834,49
17/06/2022;1833,72
16/06/2022;1815,95
15/06/2022;1807,24
14/06/2022;1804,65
13/06/2022;1818,9
10/06/2022;1825,02
09/06/2022;1839,6
08/06/2022;1844,35
07/06/2022;1836,73
06/06/2022;1840,5
03/06/2022;1847,02
02/06/2022;1843,76
01/06/2022;1828,28
31/05/2022;1834,9
30/05/2022;1847,92
27/05/2022;1847,76
26/05/2022;1841,14
25/05/2022;1842,94
24/05/2022;1849,06
23/05/2022;1844,08
20/05/2022;1832,35
19/05/2022;1810,55
18/05/2022;1807,3
17/05/2022;1812,68
16/05/2022;1786,95
13/05/2022;1799,24
12/05/2022;1820,93
11/05/2022;1831,83
10/05/2022;1835,46
09/05/2022;1851,36
06/05/2022;1865,84
05/05/2022;1872,48
04/05/2022;1861,17
03/05/2022;1850,33
02/05/2022;1854,74
29/04/2022;1892,25
28/04/2022;1872,19
27/04/2022;1881,39
26/04/2022;1895,38
25/04/2022;1891,05
22/04/2022;1926,52
21/04/2022;1936,79
20/04/2022;1939,16
19/04/2022;1943,8
18/04/2022;1971,05
15/04/2022;1973,05
14/04/2022;1960,9
13/04/2022;1962,59
12/04/2022;1949,48
11/04/2022;1940,05
08/04/2022;1927,38
07/04/2022;1920,27
06/04/2022;1915,24
05/04/2022;1917,74
04/04/2022;1915,55
01/04/2022;1917,56
31/03/2022;1918,98
30/03/2022;1915,74
29/03/2022;1890,03
28/03/2022;1916,83
25/03/2022;1943,55
24/03/2022;1937,18
23/03/2022;1915,32
22/03/2022;1910,89
21/03/2022;1918,01
18/03/2022;1917,93
17/03/2022;1923,4
16/03/2022;1895,22
15/03/2022;1906,73
14/03/2022;1949,87
11/03/2022;1958,8
10/03/2022;1970,66
09/03/2022;1976,3
08/03/2022;1981
07/03/2022;1960,76
04/03/2022;1929,78
03/03/2022;1921,73
02/03/2022;1913,82
01/03/2022;1900,93
28/02/2022;1890,59
25/02/2022;1883,1
24/02/2022;1879,05
23/02/2022;1889,23
22/02/2022;1891,16
21/02/2022;1887,19
18/02/2022;1886,16
17/02/2022;1867,18
16/02/2022;1849,94
15/02/2022;1844,27
14/02/2022;1850,45
11/02/2022;1820,79
10/02/2022;1821,46
09/02/2022;1824,5
08/02/2022;1815,06
07/02/2022;1806,94
04/02/2022;1790,94
03/02/2022;1788,39
02/02/2022;1794,11
01/02/2022;1795,13
31/01/2022;1785,03
28/01/2022;1779,88
27/01/2022;1790,98
26/01/2022;1814,9
25/01/2022;1834,64
24/01/2022;1829,09
21/01/2022;1828,04
20/01/2022;1835,67
19/01/2022;1809,97
18/01/2022;1805,53
17/01/2022;1812,67
14/01/2022;1814,13
13/01/2022;1811,83
12/01/2022;1814,2
11/01/2022;1800,09
10/01/2022;1790,43
07/01/2022;1782,63
06/01/2022;1786,03
05/01/2022;1807,97
04/01/2022;1798,44
03/01/2022;1797,93
31/12/2021;1814,15
30/12/2021;1795,78
29/12/2021;1788,94
28/12/2021;1804,38
27/12/2021;1802,89
24/12/2021;1801,61
23/12/2021;1798,88
22/12/2021;1785,41
21/12/2021;1784,58
20/12/2021;1787,98
17/12/2021;1795,67
16/12/2021;1775,43
15/12/2021;1753,84
14/12/2021;1766,31
13/12/2021;1781,51
10/12/2021;1769,43
09/12/2021;1772,8
08/12/2021;1779,45
07/12/2021;1771,93
06/12/2021;1775,91
03/12/2021;1765,63
02/12/2021;1761,68
01/12/2021;1771,96
30/11/2021;1769,43
29/11/2021;1781,23
26/11/2021;1780,79
25/11/2021;1785,85
24/11/2021;1778,44
23/11/2021;1781,63
22/11/2021;1801,95
19/11/2021;1842,98
18/11/2021;1854,94
17/11/2021;1849,38
16/11/2021;1849,16
15/11/2021;1855,73
12/11/2021;1844,78
11/11/2021;1842,66
10/11/2021;1821,6
09/11/2021;1817,7
08/11/2021;1812,08
05/11/2021;1785,17
04/11/2021;1769,13
03/11/2021;1758,45
02/11/2021;1785,78
01/11/2021;1778,89
29/10/2021;1771,7
28/10/2021;1792,34
27/10/2021;1782,83
26/10/2021;1781,98
25/10/2021;1791,95
22/10/2021;1782,46
21/10/2021;1776,07
20/10/2021;1766,5
19/10/2021;1762,48
18/10/2021;1759,68
15/10/2021;1764,48
14/10/2021;1786,22
13/10/2021;1757,89
12/10/2021;1750,47
11/10/2021;1749,68
08/10/2021;1753,03
07/10/2021;1751,38
06/10/2021;1745,45
05/10/2021;1748,56
04/10/2021;1747,23
01/10/2021;1749,36
30/09/2021;1721,67
29/09/2021;1721,07
28/09/2021;1727,18
27/09/2021;1744,19
24/09/2021;1739,6
23/09/2021;1737,84
22/09/2021;1764,84
21/09/2021;1757,61
20/09/2021;1742,24
17/09/2021;1747,07
16/09/2021;1745,04
15/09/2021;1790,28
14/09/2021;1781,89
13/09/2021;1783,73
10/09/2021;1786,53
09/09/2021;1783,83
08/09/2021;1781,98
07/09/2021;1792,33
06/09/2021;1820,58
03/09/2021;1808,53
02/09/2021;1804,48
01/09/2021;1808,18
31/08/2021;1801,47
30/08/2021;1807,28
27/08/2021;1787,66
26/08/2021;1779,48
25/08/2021;1782,45
24/08/2021;1799,73
23/08/2021;1776,03
20/08/2021;1777,96
19/08/2021;1774,2
18/08/2021;1777,31
17/08/2021;1780,28
16/08/2021;1770,38
13/08/2021;1751,27
12/08/2021;1741,29
11/08/2021;1723,54
10/08/2021;1717,17
09/08/2021;1684,77
06/08/2021;1758,33
05/08/2021;1797,74
04/08/2021;1806,54
03/08/2021;1806,73
02/08/2021;1805,12
30/07/2021;1809,48
29/07/2021;1806,29
28/07/2021;1792,6
27/07/2021;1792,83
26/07/2021;1795,68
23/07/2021;1790,45
22/07/2021;1792,11
21/07/2021;1794,18
20/07/2021;1805,06
19/07/2021;1794,66
16/07/2021;1808,65
15/07/2021;1820,07
14/07/2021;1804,21
13/07/2021;1798,54
12/07/2021;1791,21
09/07/2021;1796,09
08/07/2021;1794,28
07/07/2021;1793,64
06/07/2021;1789,91
05/07/2021;1784,09
02/07/2021;1773,73
01/07/2021;1765,47
30/06/2021;1752,78
29/06/2021;1750,11
28/06/2021;1770,69
25/06/2021;1773,27
24/06/2021;1772,67
23/06/2021;1773,13
22/06/2021;1771,99
21/06/2021;1764,44
18/06/2021;1761,04
17/06/2021;1766,88
16/06/2021;1804,19
15/06/2021;1851,28
14/06/2021;1844,57
11/06/2021;1874,07
10/06/2021;1869,84
09/06/2021;1886,58
08/06/2021;1883,38
07/06/2021;1880,88
04/06/2021;1856,09
03/06/2021;1865,11
02/06/2021;1894,05
01/06/2021;1892,28
31/05/2021;1901,56
28/05/2021;1881,84
27/05/2021;1888,22
26/05/2021;1890,34
25/05/2021;1872,73
24/05/2021;1875,19
21/05/2021;1870,01
20/05/2021;1863,53
19/05/2021;1851,94
18/05/2021;1862,94
17/05/2021;1841,24
14/05/2021;1819,79
13/05/2021;1808,78
12/05/2021;1813
11/05/2021;1817,68
10/05/2021;1830,09
07/05/2021;1812,9
06/05/2021;1781,67
05/05/2021;1769,95
04/05/2021;1770,84
03/05/2021;1765,91
30/04/2021;1763,73
29/04/2021;1756,19
28/04/2021;1762,56
27/04/2021;1773,52
26/04/2021;1768,7
23/04/2021;1770,05
22/04/2021;1776,83
21/04/2021;1775,95
20/04/2021;1763,18
19/04/2021;1765,98
16/04/2021;1759,79
15/04/2021;1734,1
14/04/2021;1732,13
13/04/2021;1723,27
12/04/2021;1727,18
09/04/2021;1731,09
08/04/2021;1732,99
07/04/2021;1730,13
06/04/2021;1726,82
05/04/2021;1721,22
02/04/2021;1728,67
01/04/2021;1705,42
31/03/2021;1677,93
30/03/2021;1678,85
29/03/2021;1705,58
26/03/2021;1721,23
25/03/2021;1721,84
24/03/2021;1723,85
23/03/2021;1724,42
22/03/2021;1727,4
19/03/2021;1728,04
18/03/2021;1719,05
17/03/2021;1724,14
16/03/2021;1725,8
15/03/2021;1721,31
12/03/2021;1698,85
11/03/2021;1719,38
10/03/2021;1707,99
09/03/2021;1679,8
08/03/2021;1676,7
05/03/2021;1687,12
04/03/2021;1690,64
03/03/2021;1701,94
02/03/2021;1707,18
01/03/2021;1719,52
26/02/2021;1717,26
25/02/2021;1765,44
24/02/2021;1783,3
23/02/2021;1795,78
22/02/2021;1780,46
19/02/2021;1760,13
18/02/2021;1767,98
17/02/2021;1769,27
16/02/2021;1789,19
15/02/2021;1815,71
12/02/2021;1810,33
11/02/2021;1820,63
10/02/2021;1833,91
09/02/2021;1828,63
08/02/2021;1807,48
05/02/2021;1791,8
04/02/2021;1785,15
03/02/2021;1829,49
02/02/2021;1829,46
01/02/2021;1849,04
29/01/2021;1839,56
28/01/2021;1833,81
27/01/2021;1831,29
26/01/2021;1848,36
25/01/2021;1847,3
22/01/2021;1837,09
21/01/2021;1858,16
20/01/2021;1832,46
19/01/2021;1833,06
18/01/2021;1810,46
15/01/2021;1823,21
14/01/2021;1833,21
13/01/2021;1843,34
12/01/2021;1837,41
11/01/2021;1817,14
08/01/2021;1828,74
07/01/2021;1906,86
06/01/2021;1901,11
05/01/2021;1934,08
04/01/2021;1905,36
01/01/2021;1897,39
31/12/2020;1884,77
30/12/2020;1875,66
29/12/2020;1870,99
28/12/2020;1869,21
25/12/2020;1877,07
24/12/2020;1869,52
23/12/2020;1858,59
22/12/2020;1858,73
21/12/2020;1856,69
18/12/2020;1876,97
17/12/2020;1861,83
16/12/2020;1844,75
15/12/2020;1825,29
14/12/2020;1819,92
11/12/2020;1824,23
10/12/2020;1828,48
09/12/2020;1825,71
08/12/2020;1859,83
07/12/2020;1822,99
04/12/2020;1829,3
03/12/2020;1823,6
02/12/2020;1806,99
01/12/2020;1775,52
30/11/2020;1764,69
27/11/2020;1773,93
26/11/2020;1805,31
25/11/2020;1801,33
24/11/2020;1800,69
23/11/2020;1830,85
20/11/2020;1860,66
19/11/2020;1852,48
18/11/2020;1863,94
17/11/2020;1877,69
16/11/2020;1864,74
13/11/2020;1873,76
12/11/2020;1862,46
11/11/2020;1856,05
10/11/2020;1860,3
09/11/2020;1850,36
06/11/2020;1935,4
05/11/2020;1902,43
04/11/2020;1883,15
03/11/2020;1886,81
02/11/2020;1873,21
30/10/2020;1864,64
29/10/2020;1859,67
28/10/2020;1869,59
27/10/2020;1897,47
26/10/2020;1890,9
23/10/2020;1894,54
22/10/2020;1894,8
21/10/2020;1907,94
20/10/2020;1894,74
19/10/2020;1897,09
16/10/2020;1897,59
15/10/2020;1889,46
14/10/2020;1882,44
13/10/2020;1886,59
12/10/2020;1918,19
09/10/2020;1893,32
08/10/2020;1881,86
07/10/2020;1873,05
06/10/2020;1874,57
05/10/2020;1886,81
02/10/2020;1889,57
01/10/2020;1884,48
30/09/2020;1881,31
29/09/2020;1875,56
28/09/2020;1849,19
25/09/2020;1852,59
24/09/2020;1848,45
23/09/2020;1855,77
22/09/2020;1894,93
21/09/2020;1883,21
18/09/2020;1941,79
17/09/2020;1932,99
16/09/2020;1949,89
15/09/2020;1948,64
14/09/2020;1937,46
11/09/2020;1937,42
10/09/2020;1941,42
09/09/2020;1920,2
08/09/2020;1906,57
07/09/2020;1924,43
04/09/2020;1916,64
03/09/2020;1921,95
02/09/2020;1932,75
01/09/2020;1963,22
31/08/2020;1954,55
28/08/2020;1923,71
27/08/2020;1909,96
26/08/2020;1902,81
25/08/2020;1914,31
24/08/2020;1924,28
21/08/2020;1911,76
20/08/2020;1925,47
19/08/2020;1924,63
18/08/2020;1977,56
17/08/2020;1929,74
14/08/2020;1932,46
13/08/2020;1913,42
12/08/2020;1863,92
11/08/2020;1901,57
10/08/2020;2019,42
07/08/2020;2015,48
06/08/2020;2034,83
05/08/2020;2010,33
04/08/2020;1968,38
03/08/2020;1960,15
31/07/2020;1955,99
30/07/2020;1940,17
29/07/2020;1944,96
28/07/2020;1907,69
27/07/2020;1899,29
24/07/2020;1881,58
23/07/2020;1862,38
22/07/2020;1840,25
21/07/2020;1815,44
20/07/2020;1805,7
17/07/2020;1795,11
16/07/2020;1795,1
15/07/2020;1802,91
14/07/2020;1791,02
13/07/2020;1797,94
10/07/2020;1794,47
09/07/2020;1795,76
08/07/2020;1791,82
07/07/2020;1774,37
06/07/2020;1770,09
03/07/2020;1772,03
02/07/2020;1757,85
01/07/2020;1759,02
30/06/2020;1765,77
29/06/2020;1766,07
26/06/2020;1748,04
25/06/2020;1755,23
24/06/2020;1761,09
23/06/2020;1747,9
22/06/2020;1743,78
19/06/2020;1721,36
18/06/2020;1717,28
17/06/2020;1713,37
16/06/2020;1715,93
15/06/2020;1704,76
12/06/2020;1723,12
11/06/2020;1721,34
10/06/2020;1708,83
09/06/2020;1691,92
08/06/2020;1677,61
05/06/2020;1670,75
04/06/2020;1697,4
03/06/2020;1690,01
02/06/2020;1721,52
01/06/2020;1727,03
29/05/2020;1713,79
28/05/2020;1707,19
27/05/2020;1693,6
26/05/2020;1708,31
25/05/2020;1720,47
22/05/2020;1724,29
21/05/2020;1717,56
20/05/2020;1740,91
19/05/2020;1725,83
18/05/2020;1726,26
15/05/2020;1728,52
14/05/2020;1710,39
13/05/2020;1697,92
12/05/2020;1692,28
11/05/2020;1691,56
08/05/2020;1701,61
07/05/2020;1681,96
06/05/2020;1681,34
05/05/2020;1691,13
04/05/2020;1690,96
01/05/2020;1669,82
30/04/2020;1684,16
29/04/2020;1697,72
28/04/2020;1691,8
27/04/2020;1705,82
24/04/2020;1710,63
23/04/2020;1704,05
22/04/2020;1680,05
21/04/2020;1660,99
20/04/2020;1671,74
17/04/2020;1678,52
16/04/2020;1706,92
15/04/2020;1706,99
14/04/2020;1709,1
13/04/2020;1672,95
10/04/2020;1675
09/04/2020;1642,34
08/04/2020;1641,15
07/04/2020;1641,06
06/04/2020;1596,8
03/04/2020;1607
02/04/2020;1576,43
01/04/2020;1568,91
31/03/2020;1562,25
30/03/2020;1607,63
27/03/2020;1614,75
26/03/2020;1595,81
25/03/2020;1584,18
24/03/2020;1564,77
23/03/2020;1485,4
20/03/2020;1460,49
19/03/2020;1464,75
18/03/2020;1472,6
17/03/2020;1465,6
16/03/2020;1451,68
13/03/2020;1506,73
12/03/2020;1560,96
11/03/2020;1632,9
10/03/2020;1642,11
09/03/2020;1657,96
06/03/2020;1647,98
05/03/2020;1634,92
04/03/2020;1631,99
03/03/2020;1587,79
02/03/2020;1579,54
28/02/2020;1565,86
27/02/2020;1635,66
26/02/2020;1625,72
25/02/2020;1629,01
24/02/2020;1652,3
21/02/2020;1618,99
20/02/2020;1603,89
19/02/2020;1599,49
18/02/2020;1582,96
17/02/2020;1578,4
14/02/2020;1573,15
13/02/2020;1565,43
12/02/2020;1561,46
11/02/2020;1562,18
10/02/2020;1568,01
07/02/2020;1562,38
06/02/2020;1552,24
05/02/2020;1547,2
04/02/2020;1548,99
03/02/2020;1571,26
31/01/2020;1570,84
30/01/2020;1572,49
29/01/2020;1563,1
28/01/2020;1565,64
27/01/2020;1575,59
24/01/2020;1556,16
23/01/2020;1551,29
22/01/2020;1549,81
21/01/2020;1546,25
20/01/2020;1556,35
17/01/2020;1549,26
16/01/2020;1547,85
15/01/2020;1546,01
14/01/2020;1535,88
13/01/2020;1546,52
10/01/2020;1545,32
09/01/2020;1539,88
08/01/2020;1551,97
07/01/2020;1555,1
06/01/2020;1560,59
03/01/2020;1527,95
02/01/2020;1517,09
01/01/2020;1517,2
31/12/2019;1514,79
30/12/2019;1509,96
27/12/2019;1506,73
26/12/2019;1497,45
25/12/2019;1499,55
24/12/2019;1484,96
23/12/2019;1477,5
20/12/2019;1475,5
19/12/2019;1472,6
18/12/2019;1470,1
17/12/2019;1474,06
16/12/2019;1472,8
13/12/2019;1462,41
12/12/2019;1464,45
11/12/2019;1462,14
10/12/2019;1459,55
09/12/2019;1458,55
06/12/2019;1458,42
05/12/2019;1472,6
04/12/2019;1471,21
03/12/2019;1458,87
02/12/2019;1453,7
29/11/2019;1453,38
28/11/2019;1454,19
27/11/2019;1452,2
26/11/2019;1450,7
25/11/2019;1453,5
22/11/2019;1461
21/11/2019;1462,43
20/11/2019;1465,66
19/11/2019;1464,3
18/11/2019;1455,97
15/11/2019;1462,05
14/11/2019;1460,76
13/11/2019;1455,9
12/11/2019;1445,43
11/11/2019;1448,14
08/11/2019;1456,05
07/11/2019;1461
06/11/2019;1482,21
05/11/2019;1479,35
04/11/2019;1504,46
01/11/2019;1503,3
31/10/2019;1493,64
30/10/2019;1481,02
29/10/2019;1483,71
28/10/2019;1489,65
25/10/2019;1500,55
24/10/2019;1488,02
23/10/2019;1487,49
22/10/2019;1480,84
21/10/2019;1481,75
18/10/2019;1484,8
17/10/2019;1483,35
16/10/2019;1477,05
15/10/2019;1477,46
14/10/2019;1482,6
11/10/2019;1474,3
10/10/2019;1491,4
09/10/2019;1499,7
08/10/2019;1487,49
07/10/2019;1489,94
04/10/2019;1497,01
03/10/2019;1495,85
02/10/2019;1474,25
01/10/2019;1458,9
30/09/2019;1464,24
27/09/2019;1486,98
26/09/2019;1501,74
25/09/2019;1501,41
24/09/2019;1515,95
23/09/2019;1511,35
20/09/2019;1498
19/09/2019;1488,8
18/09/2019;1484,41
17/09/2019;1493,9
16/09/2019;1496,2
13/09/2019;1485,51
12/09/2019;1488,65
11/09/2019;1484,9
10/09/2019;1484,8
09/09/2019;1497,6
06/09/2019;1502,75
05/09/2019;1509,28
04/09/2019;1533,68
03/09/2019;1521,4
02/09/2019;1519,05
30/08/2019;1517,51
29/08/2019;1519,4
28/08/2019;1531,5
27/08/2019;1524,75
26/08/2019;1524,55
23/08/2019;1493,45
22/08/2019;1491,7
21/08/2019;1496,1
20/08/2019;1492,75
19/08/2019;1492,4
16/08/2019;1504,2
15/08/2019;1508,25
14/08/2019;1494,25
13/08/2019;1481,31
12/08/2019;1487,68
09/08/2019;1494,62
08/08/2019;1490,74
07/08/2019;1472,36
06/08/2019;1456,65
05/08/2019;1436,9
02/08/2019;1430,08
01/08/2019;1400,56
31/07/2019;1411,35
30/07/2019;1421,91
29/07/2019;1416,86
26/07/2019;1413,77
25/07/2019;1411,17
24/07/2019;1416,2
23/07/2019;1414,2
22/07/2019;1422,35
19/07/2019;1420,29
18/07/2019;1414,66
17/07/2019;1399,95
16/07/2019;1401,18
15/07/2019;1407,76
12/07/2019;1403,06
11/07/2019;1401,6
10/07/2019;1389,75
09/07/2019;1386,21
08/07/2019;1391,75
05/07/2019;1386,92
04/07/2019;1410,59
03/07/2019;1412,48
02/07/2019;1383,4
01/07/2019;1381,76
28/06/2019;1406,81
27/06/2019;1400,25
26/06/2019;1402,38
25/06/2019;1412,3
24/06/2019;1400,48
21/06/2019;1382,4
20/06/2019;1357,8
19/06/2019;1341,15
18/06/2019;1338,65
17/06/2019;1332,7
14/06/2019;1337,83
13/06/2019;1332,27
12/06/2019;1326,18
11/06/2019;1319,6
10/06/2019;1324,9
07/06/2019;1330,08
06/06/2019;1327,8
05/06/2019;1324,6
04/06/2019;1319,98
03/06/2019;1306,7
31/05/2019;1288,09
30/05/2019;1274,79
29/05/2019;1278,87
28/05/2019;1276,07
27/05/2019;1283,8
24/05/2019;1280,45
23/05/2019;1272,58
22/05/2019;1272,15
21/05/2019;1269,22
20/05/2019;1273,47
17/05/2019;1274,91
16/05/2019;1283,95
15/05/2019;1292,7
14/05/2019;1293,33
13/05/2019;1281,6
10/05/2019;1283,21
09/05/2019;1279,41
08/05/2019;1279,35
07/05/2019;1278,5
06/05/2019;1276,6
03/05/2019;1268,81
02/05/2019;1266,1
01/05/2019;1272,99
30/04/2019;1279,54
29/04/2019;1277,78
26/04/2019;1276,05
25/04/2019;1273,5
24/04/2019;1268,55
23/04/2019;1266,15
22/04/2019;1273,45
18/04/2019;1271,02
17/04/2019;1272,93
16/04/2019;1273,1
15/04/2019;1282,21
12/04/2019;1290,11
11/04/2019;1289,45
10/04/2019;1300,89
09/04/2019;1296,55
08/04/2019;1291,35
05/04/2019;1284,46
04/04/2019;1280,84
03/04/2019;1288,2
02/04/2019;1285,16
01/04/2019;1286,5
29/03/2019;1286,6
28/03/2019;1288,7
27/03/2019;1308,07
26/03/2019;1312,51
25/03/2019;1310,8
22/03/2019;1306,81
21/03/2019;1303,25
20/03/2019;1298,5
19/03/2019;1302,45
18/03/2019;1298,12
15/03/2019;1293,66
14/03/2019;1292,75
13/03/2019;1300,56
12/03/2019;1292,06
11/03/2019;1290,15
08/03/2019;1285,29
07/03/2019;1281,16
06/03/2019;1283,45
05/03/2019;1280,95
04/03/2019;1282,75
01/03/2019;1290,16
28/02/2019;1312,54
27/02/2019;1316,51
26/02/2019;1323,61
25/02/2019;1325,03
22/02/2019;1321,16
21/02/2019;1322,24
20/02/2019;1336,63
19/02/2019;1322,33
18/02/2019;1321,11
15/02/2019;1311,16
14/02/2019;1302,63
13/02/2019;1304,5
12/02/2019;1306,64
11/02/2019;1303,58
08/02/2019;1307,23
07/02/2019;1302,17
06/02/2019;1305,38
05/02/2019;1310,3
04/02/2019;1308,26
01/02/2019;1315,66
31/01/2019;1317,55
30/01/2019;1308,81
29/01/2019;1302,12
28/01/2019;1297,26
25/01/2019;1279,39
24/01/2019;1276,97
23/01/2019;1278,38
22/01/2019;1277,25
21/01/2019;1277,06
18/01/2019;1280,64
17/01/2019;1288,96
16/01/2019;1287,59
15/01/2019;1286,37
14/01/2019;1287,16
11/01/2019;1286,25
10/01/2019;1285,81
09/01/2019;1279,63
08/01/2019;1279,2
07/01/2019;1282,29
04/01/2019;1276,49
03/01/2019;1284,16
02/01/2019;1278,33
01/01/2019;1282,62
31/12/2018;1277,09
28/12/2018;1273,98
27/12/2018;1266,09
26/12/2018;1264,34
24/12/2018;1258,34
21/12/2018;1253,37
20/12/2018;1242,89
19/12/2018;1241,54
18/12/2018;1244,44
17/12/2018;1235,47
14/12/2018;1232,48
13/12/2018;1240,23
12/12/2018;1241,95
11/12/2018;1240,55
10/12/2018;1241,21
07/12/2018;1237,49
06/12/2018;1234,64
05/12/2018;1232,96
04/12/2018;1230,41
03/12/2018;1221,09
30/11/2018;1216,24
29/11/2018;1220,49
28/11/2018;1210,73
27/11/2018;1211,74
26/11/2018;1221,14
23/11/2018;1220,53
22/11/2018;1225,3
21/11/2018;1219,23
20/11/2018;1219,67
19/11/2018;1217,52
16/11/2018;1212,48
15/11/2018;1207,56
14/11/2018;1197,12
13/11/2018;1196,29
12/11/2018;1200,18
09/11/2018;1206,52
08/11/2018;1219,63
07/11/2018;1223,31
06/11/2018;1223,41
05/11/2018;1226,88
02/11/2018;1229,85
01/11/2018;1214,84
31/10/2018;1211,92
30/10/2018;1220,22
29/10/2018;1224,45
26/10/2018;1229,8
25/10/2018;1228,08
24/10/2018;1225,74
23/10/2018;1221,72
22/10/2018;1220,3
19/10/2018;1223,03
18/10/2018;1218,78
17/10/2018;1220,32
16/10/2018;1223,35
15/10/2018;1217,4
12/10/2018;1215,61
11/10/2018;1191,3
10/10/2018;1185,22
09/10/2018;1183,49
08/10/2018;1183,58
05/10/2018;1197
04/10/2018;1195,76
03/10/2018;1196,71
02/10/2018;1188,57
01/10/2018;1184,95
28/09/2018;1180,74
27/09/2018;1181,98
26/09/2018;1190,53
25/09/2018;1197,21
24/09/2018;1194,23
21/09/2018;1191,97
20/09/2018;1201,47
19/09/2018;1197,81
18/09/2018;1196,21
17/09/2018;1192,97
14/09/2018;1193,13
13/09/2018;1200,37
12/09/2018;1192,9
11/09/2018;1187,95
10/09/2018;1191,52
07/09/2018;1193,28
06/09/2018;1195,59
05/09/2018;1191,1
04/09/2018;1189,55
03/09/2018;1196,11
31/08/2018;1198,43
30/08/2018;1196,32
29/08/2018;1200,9
28/08/2018;1199,41
27/08/2018;1202,84
24/08/2018;1183,32
23/08/2018;1183,67
22/08/2018;1192,45
21/08/2018;1187,5
20/08/2018;1182,63
17/08/2018;1172,03
16/08/2018;1160,56
15/08/2018;1173,33
14/08/2018;1192,14
13/08/2018;1191,75
10/08/2018;1205,85
09/08/2018;1210,72
08/08/2018;1206,29
07/08/2018;1207,67
06/08/2018;1206,93
03/08/2018;1204,4
02/08/2018;1207,2
01/08/2018;1215,76
31/07/2018;1214,82
30/07/2018;1219,05
27/07/2018;1217,34
26/07/2018;1222,17
25/07/2018;1223,1
24/07/2018;1218,25
23/07/2018;1222,08
20/07/2018;1215,84
19/07/2018;1211,48
18/07/2018;1221,56
17/07/2018;1225,97
16/07/2018;1238,49
13/07/2018;1237,1
12/07/2018;1241,38
11/07/2018;1241,29
10/07/2018;1247,23
09/07/2018;1255,12
06/07/2018;1252,93
05/07/2018;1251,08
04/07/2018;1252,16
03/07/2018;1237,81
02/07/2018;1239,59
29/06/2018;1246,51
28/06/2018;1245,71
27/06/2018;1250,7
26/06/2018;1254,51
25/06/2018;1264,8
22/06/2018;1266,9
21/06/2018;1261,22
20/06/2018;1267,8
19/06/2018;1270,39
18/06/2018;1277,08
15/06/2018;1275,85
14/06/2018;1297,34
13/06/2018;1292,55
12/06/2018;1293
11/06/2018;1294,13
08/06/2018;1294,2
07/06/2018;1295,08
06/06/2018;1294,63
05/06/2018;1289,79
04/06/2018;1290,27
01/06/2018;1289,52
31/05/2018;1297,9
30/05/2018;1295,75
29/05/2018;1294,3
28/05/2018;1295,62
25/05/2018;1300,05
24/05/2018;1292,91
23/05/2018;1288,61
22/05/2018;1287,8
21/05/2018;1282,15
18/05/2018;1286,81
17/05/2018;1286,41
16/05/2018;1287,01
15/05/2018;1288,71
14/05/2018;1312,82
11/05/2018;1317,94
10/05/2018;1310,89
09/05/2018;1304,48
08/05/2018;1306,2
07/05/2018;1310,29
04/05/2018;1308,41
03/05/2018;1305,02
02/05/2018;1303,94
01/05/2018;1301,88
30/04/2018;1310,51
27/04/2018;1316,26
26/04/2018;1315,45
25/04/2018;1318,9
24/04/2018;1322,6
23/04/2018;1322,81
20/04/2018;1335,07
19/04/2018;1341,23
18/04/2018;1342,1
17/04/2018;1337,73
16/04/2018;1340,17
13/04/2018;1335,2
12/04/2018;1333,96
11/04/2018;1339,68
10/04/2018;1331,81
09/04/2018;1326,98
06/04/2018;1321,47
05/04/2018;1322,8
04/04/2018;1331,59
03/04/2018;1329,18
02/04/2018;1324,9
29/03/2018;1322,21
28/03/2018;1323,59
27/03/2018;1340,16
26/03/2018;1343,55
23/03/2018;1329,17
22/03/2018;1324,88
21/03/2018;1309,98
20/03/2018;1307,31
19/03/2018;1307,89
16/03/2018;1310,31
15/03/2018;1315,05
14/03/2018;1321,91
13/03/2018;1316,79
12/03/2018;1315,39
09/03/2018;1313,05
08/03/2018;1319,19
07/03/2018;1321,95
06/03/2018;1319,91
05/03/2018;1317,26
02/03/2018;1314,93
01/03/2018;1302,99
28/02/2018;1315,8
27/02/2018;1313,32
26/02/2018;1326,42
23/02/2018;1325,58
22/02/2018;1320,69
21/02/2018;1322,6
20/02/2018;1328,22
19/02/2018;1345,99
16/02/2018;1344,78
15/02/2018;1348,41
14/02/2018;1319,42
13/02/2018;1321,39
12/02/2018;1314,11
09/02/2018;1311,06
08/02/2018;1306,9
07/02/2018;1312,05
06/02/2018;1320,04
05/02/2018;1328,88
02/02/2018;1327,21
01/02/2018;1337,3
31/01/2018;1332,7
30/01/2018;1334,48
29/01/2018;1337,74
26/01/2018;1344,38
25/01/2018;1343,1
24/01/2018;1339,27
23/01/2018;1331,54
22/01/2018;1328,71
19/01/2018;1326,46
18/01/2018;1323,79
17/01/2018;1326,73
16/01/2018;1331,73
15/01/2018;1336,14
12/01/2018;1321,16
11/01/2018;1315,49
10/01/2018;1308,29
09/01/2018;1308,8
08/01/2018;1314,97
05/01/2018;1313,81
04/01/2018;1305,67
03/01/2018;1307,16
02/01/2018;1302,51
01/01/2018;1302,43
29/12/2017;1293,59
28/12/2017;1286,66
27/12/2017;1281,46
26/12/2017;1273,25
25/12/2017;1275,24
22/12/2017;1265,1
21/12/2017;1263,02
20/12/2017;1261,23
19/12/2017;1258,97
18/12/2017;1252,68
15/12/2017;1251,94
14/12/2017;1249,92
13/12/2017;1240,06
12/12/2017;1236,31
11/12/2017;1240,19
08/12/2017;1244,34
07/12/2017;1244,11
06/12/2017;1262,39
05/12/2017;1261,11
04/12/2017;1271,8
01/12/2017;1271,58
30/11/2017;1270,51
29/11/2017;1281,98
28/11/2017;1291,01
27/11/2017;1286,47
24/11/2017;1286,15
23/11/2017;1287,46
22/11/2017;1278,77
21/11/2017;1276,08
20/11/2017;1274,92
17/11/2017;1277,94
16/11/2017;1274,98
15/11/2017;1277,04
14/11/2017;1270,64
13/11/2017;1274,29
10/11/2017;1273,33
09/11/2017;1280,09
08/11/2017;1275,23
07/11/2017;1271,68
06/11/2017;1266,05
03/11/2017;1265,55
02/11/2017;1273,64
01/11/2017;1267,98
31/10/2017;1268,01
30/10/2017;1268,8
27/10/2017;1264,1
26/10/2017;1265,69
25/10/2017;1271,03
24/10/2017;1273,43
23/10/2017;1272,24
20/10/2017;1277,88
19/10/2017;1276,61
18/10/2017;1277,13
17/10/2017;1281,69
16/10/2017;1291,01
13/10/2017;1291,04
12/10/2017;1289,47
11/10/2017;1284,12
10/10/2017;1282,29
09/10/2017;1275,21
06/10/2017;1260,89
05/10/2017;1266,9
04/10/2017;1270,85
03/10/2017;1267,91
02/10/2017;1270,45
29/09/2017;1278,24
28/09/2017;1277,64
27/09/2017;1281,12
26/09/2017;1293,04
25/09/2017;1290,63
22/09/2017;1291,3
21/09/2017;1287,99
20/09/2017;1295,96
19/09/2017;1304,98
18/09/2017;1305,03
15/09/2017;1319,62
14/09/2017;1316,11
13/09/2017;1320,91
12/09/2017;1322,55
11/09/2017;1326,36
08/09/2017;1343
07/09/2017;1332,6
06/09/2017;1331,66
05/09/2017;1327,96
04/09/2017;1331,92
01/09/2017;1316,65
31/08/2017;1300,82
30/08/2017;1305,26
29/08/2017;1304,93
28/08/2017;1292,49
25/08/2017;1278,66
24/08/2017;1284,55
23/08/2017;1283,09
22/08/2017;1282,11
21/08/2017;1280,6
18/08/2017;1283,64
17/08/2017;1282,2
16/08/2017;1268,19
15/08/2017;1267,98
14/08/2017;1278,12
11/08/2017;1281,55
10/08/2017;1274,85
09/08/2017;1260,96
08/08/2017;1251,41
07/08/2017;1255,68
04/08/2017;1254,75
03/08/2017;1258,7
02/08/2017;1263,18
01/08/2017;1264,05
31/07/2017;1265,93
28/07/2017;1257,45
27/07/2017;1254,52
26/07/2017;1243,91
25/07/2017;1249,01
24/07/2017;1251,78
21/07/2017;1243,35
20/07/2017;1235,24
19/07/2017;1236,05
18/07/2017;1233,01
17/07/2017;1228,3
14/07/2017;1214,95
13/07/2017;1216,63
12/07/2017;1214,51
11/07/2017;1207,89
10/07/2017;1204,85
07/07/2017;1207,25
06/07/2017;1222,56
05/07/2017;1217,64
04/07/2017;1220,69
03/07/2017;1218,41
30/06/2017;1239,7
29/06/2017;1239,66
28/06/2017;1247,37
27/06/2017;1241,12
26/06/2017;1236,96
23/06/2017;1249,74
22/06/2017;1245,55
21/06/2017;1241,25
20/06/2017;1241,38
19/06/2017;1243,22
16/06/2017;1251,55
15/06/2017;1251,68
14/06/2017;1257,15
13/06/2017;1259,66
12/06/2017;1263,95
09/06/2017;1264,74
08/06/2017;1271,49
07/06/2017;1283
06/06/2017;1279,44
05/06/2017;1278
02/06/2017;1259
01/06/2017;1261,49
31/05/2017;1259,26
30/05/2017;1259,39
29/05/2017;1265,12
26/05/2017;1252,88
25/05/2017;1253,89
24/05/2017;1247,7
23/05/2017;1250,46
22/05/2017;1251,61
19/05/2017;1246,61
18/05/2017;1245,9
17/05/2017;1236,3
16/05/2017;1230,51
15/05/2017;1227,2
12/05/2017;1224,55
11/05/2017;1217,81
10/05/2017;1217,49
09/05/2017;1214,21
08/05/2017;1225,36
05/05/2017;1225,83
04/05/2017;1225,7
03/05/2017;1236,41
02/05/2017;1251,48
01/05/2017;1254,16
28/04/2017;1263,3
27/04/2017;1261,61
26/04/2017;1260,3
25/04/2017;1261,81
24/04/2017;1266,01
21/04/2017;1278,43
20/04/2017;1276,74
19/04/2017;1276,48
18/04/2017;1279,4
17/04/2017;1281,61
14/04/2017;1285,31
13/04/2017;1281,74
12/04/2017;1272,42
11/04/2017;1253,29
10/04/2017;1247,5
07/04/2017;1250,8
06/04/2017;1249,85
05/04/2017;1243,85
04/04/2017;1254,46
03/04/2017;1244,55
31/03/2017;1240,05
30/03/2017;1242,61
29/03/2017;1247,25
28/03/2017;1247,52
27/03/2017;1247,69
24/03/2017;1240,72
23/03/2017;1242,84
22/03/2017;1243,89
21/03/2017;1226,82
20/03/2017;1229,51
17/03/2017;1225,06
16/03/2017;1217,83
15/03/2017;1197,93
14/03/2017;1197,54
13/03/2017;1202,47
10/03/2017;1194,62
09/03/2017;1199,12
08/03/2017;1206,13
07/03/2017;1213,67
06/03/2017;1224,65
03/03/2017;1222,59
02/03/2017;1231,16
01/03/2017;1236,53
28/02/2017;1247,48
27/02/2017;1250,48
24/02/2017;1247,54
23/02/2017;1235,2
22/02/2017;1231,62
21/02/2017;1225,8
20/02/2017;1232,62
17/02/2017;1234,52
16/02/2017;1232,04
15/02/2017;1216,8
14/02/2017;1221,75
13/02/2017;1219,37
10/02/2017;1221,12
09/02/2017;1230,22
08/02/2017;1230,29
07/02/2017;1227,41
06/02/2017;1219,01
03/02/2017;1207,18
02/02/2017;1208,26
01/02/2017;1198,12
31/01/2017;1193,83
30/01/2017;1188,15
27/01/2017;1181,04
26/01/2017;1184,11
25/01/2017;1192,83
24/01/2017;1206,02
23/01/2017;1209,27
20/01/2017;1198,68
19/01/2017;1195,86
18/01/2017;1201,91
17/01/2017;1202,38
16/01/2017;1198,17
13/01/2017;1187,93
12/01/2017;1191
11/01/2017;1177,33
10/01/2017;1179,86
09/01/2017;1171,89
06/01/2017;1170,37
05/01/2017;1162,38
04/01/2017;1156,35
03/01/2017;1145,77
02/01/2017;1149,66
30/12/2016;1149,49
29/12/2016;1140,81
28/12/2016;1136,54
27/12/2016;1131,85
26/12/2016;1133,94
23/12/2016;1128,18
22/12/2016;1127,43
21/12/2016;1129,29
20/12/2016;1125,63
19/12/2016;1134,14
16/12/2016;1126,46
15/12/2016;1122,44
14/12/2016;1139,47
13/12/2016;1154,71
12/12/2016;1151,43
09/12/2016;1156,17
08/12/2016;1168,88
07/12/2016;1165,35
06/12/2016;1166,53
05/12/2016;1157,08
02/12/2016;1166,2
01/12/2016;1160,77
30/11/2016;1170,75
29/11/2016;1180,97
28/11/2016;1182,96
25/11/2016;1171,96
24/11/2016;1181,79
23/11/2016;1181,57
22/11/2016;1206,24
21/11/2016;1205,74
18/11/2016;1203,9
17/11/2016;1211,12
16/11/2016;1221,6
15/11/2016;1219,06
14/11/2016;1211,47
11/11/2016;1219,5
10/11/2016;1252,28
09/11/2016;1269,38
08/11/2016;1273,04
07/11/2016;1277,8
04/11/2016;1294,65
03/11/2016;1285,51
02/11/2016;1287,5
01/11/2016;1275,55
31/10/2016;1270,89
28/10/2016;1262,42
27/10/2016;1265,4
26/10/2016;1264,58
25/10/2016;1262,4
24/10/2016;1260,75
21/10/2016;1261,2
20/10/2016;1264,55
19/10/2016;1260,24
18/10/2016;1254,9
17/10/2016;1250,25
14/10/2016;1247,51
13/10/2016;1253,53
12/10/2016;1250,31
11/10/2016;1252,6
10/10/2016;1256,59
07/10/2016;1241,68
06/10/2016;1250,2
05/10/2016;1262,12
04/10/2016;1266,81
03/10/2016;1309,58
30/09/2016;1312,83
29/09/2016;1315,89
28/09/2016;1317,89
27/09/2016;1324,81
26/09/2016;1332,56
23/09/2016;1333,59
22/09/2016;1331,56
21/09/2016;1308,6
20/09/2016;1312,31
19/09/2016;1309,27
16/09/2016;1306,62
15/09/2016;1309,7
14/09/2016;1316,13
13/09/2016;1315,72
12/09/2016;1320,79
09/09/2016;1327,7
08/09/2016;1335,54
07/09/2016;1342,74
06/09/2016;1324,77
05/09/2016;1322,31
02/09/2016;1309,51
01/09/2016;1302,23
31/08/2016;1305,41
30/08/2016;1309,15
29/08/2016;1315,1
26/08/2016;1318,89
25/08/2016;1317,96
24/08/2016;1323,7
23/08/2016;1335,65
22/08/2016;1332,1
19/08/2016;1337,93
18/08/2016;1345,84
17/08/2016;1337,7
16/08/2016;1339,47
15/08/2016;1335,95
12/08/2016;1333,98
11/08/2016;1335,93
10/08/2016;1340,3
09/08/2016;1330,47
08/08/2016;1329,84
05/08/2016;1334,87
04/08/2016;1348,9
03/08/2016;1354,16
02/08/2016;1347,06
01/08/2016;1346,24
29/07/2016;1330
28/07/2016;1332,23
27/07/2016;1315,74
26/07/2016;1313,83
25/07/2016;1312,43
22/07/2016;1319,58
21/07/2016;1310,95
20/07/2016;1312,49
19/07/2016;1325,61
18/07/2016;1323,84
15/07/2016;1322,55
14/07/2016;1320,22
13/07/2016;1327,7
12/07/2016;1330,15
11/07/2016;1351,2
08/07/2016;1336,08
07/07/2016;1350,8
06/07/2016;1356,23
05/07/2016;1338,43
04/07/2016;1338,34
01/07/2016;1320,88
30/06/2016;1312,95
29/06/2016;1311,29
28/06/2016;1305,62
27/06/2016;1317,85
24/06/2016;1251,66
23/06/2016;1255,46
22/06/2016;1261,41
21/06/2016;1264,48
20/06/2016;1277,74
17/06/2016;1277,19
16/06/2016;1278,77
15/06/2016;1278,43
14/06/2016;1276,38
13/06/2016;1272,7
10/06/2016;1264,47
09/06/2016;1257,56
08/06/2016;1243,09
07/06/2016;1234,9
06/06/2016;1239,93
03/06/2016;1207,01
02/06/2016;1209,99
01/06/2016;1206,5
31/05/2016;1206,2
30/05/2016;1199,97
27/05/2016;1206,7
26/05/2016;1218,55
25/05/2016;1217,65
24/05/2016;1226,53
23/05/2016;1243,39
20/05/2016;1248,7
19/05/2016;1245
18/05/2016;1255,05
17/05/2016;1269,5
16/05/2016;1271,33
13/05/2016;1263,51
12/05/2016;1263,49
11/05/2016;1264,79
10/05/2016;1257,65
09/05/2016;1261,09
06/05/2016;1274,4
05/05/2016;1269,24
04/05/2016;1271,64
03/05/2016;1282,46
02/05/2016;1287,48
29/04/2016;1265,14
28/04/2016;1238,05
27/04/2016;1240,66
26/04/2016;1231,95
25/04/2016;1230,1
22/04/2016;1227,35
21/04/2016;1242,88
20/04/2016;1242,6
19/04/2016;1227,7
18/04/2016;1230,16
15/04/2016;1225,29
14/04/2016;1223,79
13/04/2016;1240,24
12/04/2016;1251,29
11/04/2016;1239,79
08/04/2016;1229,62
07/04/2016;1222,7
06/04/2016;1217,2
05/04/2016;1214,9
04/04/2016;1214,7
01/04/2016;1208,84
31/03/2016;1224,81
30/03/2016;1223,33
29/03/2016;1215,65
28/03/2016;1208,55
25/03/2016;1216,47
24/03/2016;1213,01
23/03/2016;1215,47
22/03/2016;1242,47
21/03/2016;1240,76
18/03/2016;1248,3
17/03/2016;1254,65
16/03/2016;1227,24
15/03/2016;1226,08
14/03/2016;1229,28
11/03/2016;1248,44
10/03/2016;1237,44
09/03/2016;1243,87
08/03/2016;1260,04
07/03/2016;1256,68
04/03/2016;1250,29
03/03/2016;1237,34
02/03/2016;1224,48
01/03/2016;1227,44
29/02/2016;1217,98
26/02/2016;1211,59
25/02/2016;1221,18
24/02/2016;1221,93
23/02/2016;1207,2
22/02/2016;1202,02
19/02/2016;1219,79
18/02/2016;1200,75
17/02/2016;1195,79
16/02/2016;1190,79
15/02/2016;1202,3
12/02/2016;1232,23
11/02/2016;1196,21
10/02/2016;1181,29
09/02/2016;1185,48
08/02/2016;1164,09
05/02/2016;1145,36
04/02/2016;1139,43
03/02/2016;1124,35
02/02/2016;1122,44
01/02/2016;1116,24
29/01/2016;1108,9
28/01/2016;1111,96
27/01/2016;1114,9
26/01/2016;1107,17
25/01/2016;1097,35
22/01/2016;1093,98
21/01/2016;1092,54
20/01/2016;1086,73
19/01/2016;1082,95
18/01/2016;1087,25
15/01/2016;1076,18
14/01/2016;1071,4
13/01/2016;1079,64
12/01/2016;1083,61
11/01/2016;1093,91
08/01/2016;1093,93
07/01/2016;1091,09
06/01/2016;1074,7
05/01/2016;1072,7
04/01/2016;1061,9
01/01/2016;1060,74
31/12/2015;1058,38
30/12/2015;1059,55
29/12/2015;1067,29
28/12/2015;1066,3
25/12/2015;1075,88
24/12/2015;1070,05
23/12/2015;1068,25
22/12/2015;1071,85
21/12/2015;1063,88
18/12/2015;1051,05
17/12/2015;1047,64
16/12/2015;1060,64
15/12/2015;1059,59
14/12/2015;1062,77
11/12/2015;1062,38
10/12/2015;1069,7
09/12/2015;1069,59
08/12/2015;1067,63
07/12/2015;1070,06
04/12/2015;1058,14
03/12/2015;1046,25
02/12/2015;1050,63
01/12/2015;1063,38
30/11/2015;1053,1
27/11/2015;1052,86
26/11/2015;1070,35
25/11/2015;1067,75
24/11/2015;1068,99
23/11/2015;1067
20/11/2015;1075,68
19/11/2015;1069,75
18/11/2015;1065,34
17/11/2015;1065,59
16/11/2015;1081,32
13/11/2015;1080,04
12/11/2015;1074,66
11/11/2015;1084,04
10/11/2015;1085,45
09/11/2015;1088,34
06/11/2015;1085,29
05/11/2015;1102,75
04/11/2015;1106,38
03/11/2015;1114,48
02/11/2015;1132,75
30/10/2015;1139,48
29/10/2015;1144,6
28/10/2015;1152,4
27/10/2015;1160,91
26/10/2015;1162,3
23/10/2015;1159,16
22/10/2015;1162,9
21/10/2015;1163,9
20/10/2015;1167,15
19/10/2015;1168,25
16/10/2015;1174,25
15/10/2015;1176,37
14/10/2015;1164,05
13/10/2015;1151,56
12/10/2015;1154,9
09/10/2015;1138,8
08/10/2015;1136,9
07/10/2015;1141,96
06/10/2015;1135,11
05/10/2015;1129,73
02/10/2015;1104,52
01/10/2015;1111,13
30/09/2015;1112
29/09/2015;1124,35
28/09/2015;1128,1
25/09/2015;1140,84
24/09/2015;1130,45
23/09/2015;1121,75
22/09/2015;1121,18
21/09/2015;1130
18/09/2015;1127,3
17/09/2015;1115,4
16/09/2015;1103,95
15/09/2015;1102,91
14/09/2015;1103,4
11/09/2015;1098,75
10/09/2015;1104
09/09/2015;1101,51
08/09/2015;1118,45
07/09/2015;1116,58
04/09/2015;1117,15
03/09/2015;1121,75
02/09/2015;1132,31
01/09/2015;1134,51
31/08/2015;1125,96
28/08/2015;1123,7
27/08/2015;1118,15
26/08/2015;1117,75
25/08/2015;1134,9
24/08/2015;1146,75
21/08/2015;1148,85
20/08/2015;1132,81
19/08/2015;1116,35
18/08/2015;1109,55
17/08/2015;1113,7
14/08/2015;1111,81
13/08/2015;1113,42
12/08/2015;1101,75
11/08/2015;1093,65
10/08/2015;1089,8
07/08/2015;1083,16
06/08/2015;1083,6
05/08/2015;1082,85
04/08/2015;1081,05
03/08/2015;1085,92
31/07/2015;1079,75
30/07/2015;1083,36
29/07/2015;1090,21
28/07/2015;1091,4
27/07/2015;1089,19
24/07/2015;1077,75
23/07/2015;1087,01
22/07/2015;1087,39
21/07/2015;1097,05
20/07/2015;1088,45
17/07/2015;1131,2
16/07/2015;1142,6
15/07/2015;1143,83
14/07/2015;1153,04
13/07/2015;1151,18
10/07/2015;1157,9
09/07/2015;1156,2
08/07/2015;1147,18
07/07/2015;1148,45
06/07/2015;1163,3
03/07/2015;1164,96
02/07/2015;1157,25
01/07/2015;1167,43
30/06/2015;1166,75
29/06/2015;1173,99
26/06/2015;1168,74
25/06/2015;1171,52
24/06/2015;1171,43
23/06/2015;1176,32
22/06/2015;1182,65
19/06/2015;1198,7
18/06/2015;1183,81
17/06/2015;1174,48
16/06/2015;1176,13
15/06/2015;1173,02
12/06/2015;1176,93
11/06/2015;1176,16
10/06/2015;1175,35
09/06/2015;1172,75
08/06/2015;1169,2
05/06/2015;1163,1
04/06/2015;1172,76
03/06/2015;1180,18
02/06/2015;1185,48
01/06/2015;1184,6
29/05/2015;1187,08
28/05/2015;1181,3
27/05/2015;1184,51
26/05/2015;1186,1
25/05/2015;1202,92
22/05/2015;1201,7
21/05/2015;1201,91
20/05/2015;1203,02
19/05/2015;1205,56
18/05/2015;1221,5
15/05/2015;1211,55
14/05/2015;1212,05
13/05/2015;1191,3
12/05/2015;1181,05
11/05/2015;1179,5
08/05/2015;1182,13
07/05/2015;1179,16
06/05/2015;1188,3
05/05/2015;1185,9
04/05/2015;1177,88
01/05/2015;1170,6
30/04/2015;1177,32
29/04/2015;1201,63
28/04/2015;1199,3
27/04/2015;1178,75
24/04/2015;1175,24
23/04/2015;1184,05
22/04/2015;1185,73
21/04/2015;1193,3
20/04/2015;1191,54
17/04/2015;1197,28
16/04/2015;1195,06
15/04/2015;1189,38
14/04/2015;1184,18
13/04/2015;1196,81
10/04/2015;1193,3
09/04/2015;1192,86
08/04/2015;1197,85
07/04/2015;1207,45
06/04/2015;1213,85
03/04/2015;1200,11
02/04/2015;1195,75
01/04/2015;1180,35
31/03/2015;1178,45
30/03/2015;1182,55
27/03/2015;1192,91
26/03/2015;1194,5
25/03/2015;1186,65
24/03/2015;1185,25
23/03/2015;1179,45
20/03/2015;1168,55
19/03/2015;1160,06
18/03/2015;1145,9
17/03/2015;1143,61
16/03/2015;1150,6
13/03/2015;1151,8
12/03/2015;1148,9
11/03/2015;1147,85
10/03/2015;1156,35
09/03/2015;1166,15
06/03/2015;1163,94
05/03/2015;1196,4
04/03/2015;1198,25
03/03/2015;1195,39
02/03/2015;1204,6
27/02/2015;1204,65
26/02/2015;1203,95
25/02/2015;1199,5
24/02/2015;1191,3
23/02/2015;1191,51
20/02/2015;1198,43
19/02/2015;1205,4
18/02/2015;1197,95
17/02/2015;1203,7
16/02/2015;1228,01
13/02/2015;1221,01
12/02/2015;1216,75
11/02/2015;1218,26
10/02/2015;1230,7
09/02/2015;1234,54
06/02/2015;1228,75
05/02/2015;1256,52
04/02/2015;1256,85
03/02/2015;1255,7
02/02/2015;1266,93
30/01/2015;1257,25
29/01/2015;1252,61
28/01/2015;1281,5
27/01/2015;1272,58
26/01/2015;1276,14
23/01/2015;1284,66
22/01/2015;1279,55
21/01/2015;1285,59
20/01/2015;1274,09
19/01/2015;1272,22
16/01/2015;1255,37
15/01/2015;1226,18
14/01/2015;1224,95
13/01/2015;1227,53
12/01/2015;1218,56
09/01/2015;1207,45
08/01/2015;1204,67
07/01/2015;1209,2
06/01/2015;1201,85
05/01/2015;1183,45
02/01/2015;1168,75
01/01/2015;1181,97
31/12/2014;1179,55
30/12/2014;1180,89
29/12/2014;1179,35
26/12/2014;1173,45
24/12/2014;1173,05
23/12/2014;1172,59
22/12/2014;1170,56
19/12/2014;1193,9
18/12/2014;1188,65
17/12/2014;1184,23
16/12/2014;1188,8
15/12/2014;1190,97
12/12/2014;1215,98
11/12/2014;1216,3
10/12/2014;1224,78
09/12/2014;1199,45
08/12/2014;1187,31
05/12/2014;1186,5
04/12/2014;1201,53
03/12/2014;1194,65
02/12/2014;1192,32
01/12/2014;1143,38
28/11/2014;1165,35
27/11/2014;1185,95
26/11/2014;1195,02
25/11/2014;1190,8
24/11/2014;1192,85
21/11/2014;1186,95
20/11/2014;1176,87
19/11/2014;1175,97
18/11/2014;1183,3
17/11/2014;1181,62
14/11/2014;1147,04
13/11/2014;1154,24
12/11/2014;1157,51
11/11/2014;1146,32
10/11/2014;1147,45
07/11/2014;1132,25
06/11/2014;1138,1
05/11/2014;1137,7
04/11/2014;1164
03/11/2014;1162,17
31/10/2014;1161,75
30/10/2014;1195,96
29/10/2014;1208,52
28/10/2014;1222,9
27/10/2014;1225,06
24/10/2014;1229,1
23/10/2014;1226,43
22/10/2014;1240,66
21/10/2014;1245,4
20/10/2014;1234,7
17/10/2014;1231,99
16/10/2014;1235,75
15/10/2014;1222,17
14/10/2014;1231,25
13/10/2014;1223,34
10/10/2014;1217,6
09/10/2014;1219,15
08/10/2014;1205,12
07/10/2014;1202,91
06/10/2014;1183,96
03/10/2014;1190,14
02/10/2014;1208,69
01/10/2014;1204,75
30/09/2014;1204,9
29/09/2014;1214,78
26/09/2014;1212,54
25/09/2014;1207,03
24/09/2014;1215,96
23/09/2014;1214,11
22/09/2014;1208,72
19/09/2014;1213,87
18/09/2014;1216,27
17/09/2014;1221,67
16/09/2014;1231,92
15/09/2014;1225,56
12/09/2014;1227,75
11/09/2014;1234,97
10/09/2014;1243,91
09/09/2014;1247,41
08/09/2014;1251,5
05/09/2014;1257,16
04/09/2014;1260,26
03/09/2014;1261,69
02/09/2014;1262,92
01/09/2014;1282,8
29/08/2014;1283,66
28/08/2014;1283,02
27/08/2014;1280,4
26/08/2014;1275,5
25/08/2014;1274,42
22/08/2014;1274,49
21/08/2014;1273,32
20/08/2014;1288,04
19/08/2014;1293,96
18/08/2014;1295,72
15/08/2014;1292,61
14/08/2014;1309,19
13/08/2014;1304,9
12/08/2014;1305,46
11/08/2014;1304,96
08/08/2014;1306,16
07/08/2014;1302,11
06/08/2014;1287,46
05/08/2014;1282,56
04/08/2014;1286,17
01/08/2014;1280,9
31/07/2014;1281,02
30/07/2014;1291,85
29/07/2014;1295,85
28/07/2014;1301,42
25/07/2014;1290,16
24/07/2014;1287,81
23/07/2014;1302,61
22/07/2014;1301,75
21/07/2014;1307,01
18/07/2014;1304,57
17/07/2014;1297,85
16/07/2014;1292,9
15/07/2014;1292,05
14/07/2014;1303,21
11/07/2014;1333,87
10/07/2014;1319,34
09/07/2014;1318,5
08/07/2014;1313,45
07/07/2014;1311,9
04/07/2014;1318,8
03/07/2014;1309,95
02/07/2014;1321,32
01/07/2014;1323,72
30/06/2014;1310,21
27/06/2014;1312,76
26/06/2014;1306,25
25/06/2014;1310,8
24/06/2014;1314,15
23/06/2014;1309,91
20/06/2014;1306,75
19/06/2014;1276,01
18/06/2014;1266,96
17/06/2014;1259,16
16/06/2014;1270,51
13/06/2014;1271
12/06/2014;1260,05
11/06/2014;1258
10/06/2014;1250,21
09/06/2014;1251,76
06/06/2014;1246,31
05/06/2014;1241,21
04/06/2014;1243,5
03/06/2014;1241,06
02/06/2014;1241,04
30/05/2014;1242,35
29/05/2014;1251,55
28/05/2014;1256,02
27/05/2014;1263,5
26/05/2014;1290,91
23/05/2014;1287,99
22/05/2014;1290,05
21/05/2014;1283,45
20/05/2014;1286,15
19/05/2014;1289,66
16/05/2014;1287,85
15/05/2014;1291,15
14/05/2014;1291,79
13/05/2014;1289,25
12/05/2014;1280,1
09/05/2014;1285,64
08/05/2014;1285,74
07/05/2014;1287
06/05/2014;1305
05/05/2014;1299,61
02/05/2014;1277,1
01/05/2014;1277,7
30/04/2014;1285,8
29/04/2014;1286,49
28/04/2014;1292,3
25/04/2014;1290,6
24/04/2014;1268,85
23/04/2014;1281,05
22/04/2014;1277,6
21/04/2014;1282,01
18/04/2014;1293,78
17/04/2014;1293,24
16/04/2014;1293,59
15/04/2014;1290,95
14/04/2014;1318,84
11/04/2014;1314,24
10/04/2014;1310,84
09/04/2014;1300,94
08/04/2014;1296,29
07/04/2014;1295,8
04/04/2014;1284,33
03/04/2014;1281,59
02/04/2014;1278,65
01/04/2014;1277,44
31/03/2014;1282,65
28/03/2014;1285,84
27/03/2014;1289,3
26/03/2014;1298,9
25/03/2014;1306,2
24/03/2014;1308,04
21/03/2014;1328,45
20/03/2014;1320,85
19/03/2014;1328
18/03/2014;1350,8
17/03/2014;1362,53
14/03/2014;1368,06
13/03/2014;1364,65
12/03/2014;1345,44
11/03/2014;1338
10/03/2014;1329,47
07/03/2014;1329,75
06/03/2014;1331,35
05/03/2014;1332,58
04/03/2014;1331,54
03/03/2014;1326,5
28/02/2014;1320,22
27/02/2014;1323,97
26/02/2014;1322,14
25/02/2014;1331,72
24/02/2014;1319,11
21/02/2014;1316,12
20/02/2014;1307,85
19/02/2014;1308,93
18/02/2014;1312,95
17/02/2014;1318,65
14/02/2014;1299,97
13/02/2014;1286,14
12/02/2014;1284,4
11/02/2014;1273,8
10/02/2014;1265,4
07/02/2014;1256,22
06/02/2014;1252,88
05/02/2014;1252,51
04/02/2014;1247,62
03/02/2014;1240,68
31/01/2014;1238,75
30/01/2014;1238,39
29/01/2014;1249,65
28/01/2014;1249,36
27/01/2014;1252,16
24/01/2014;1257,2
23/01/2014;1231,76
22/01/2014;1236,14
21/01/2014;1236,07
20/01/2014;1251,32
17/01/2014;1238,05
16/01/2014;1236,55
15/01/2014;1234,49
14/01/2014;1241,83
13/01/2014;1243,72
10/01/2014;1226,94
09/01/2014;1224,02
08/01/2014;1218,83
07/01/2014;1225,2
06/01/2014;1233,1
03/01/2014;1222,14
02/01/2014;1203,72
01/01/2014;1199,4
31/12/2013;1185,11
30/12/2013;1195,39
27/12/2013;1209,03
26/12/2013;1201,24
25/12/2013;1203,29
24/12/2013;1197,01
23/12/2013;1192,77
20/12/2013;1185,71
19/12/2013;1186,8
18/12/2013;1216,15
17/12/2013;1227,8
16/12/2013;1227,59
13/12/2013;1220,6
12/12/2013;1223,5
11/12/2013;1250,5
10/12/2013;1237,97
09/12/2013;1225,38
06/12/2013;1212,41
05/12/2013;1217,3
04/12/2013;1211,89
03/12/2013;1215,98
02/12/2013;1217,78
29/11/2013;1242,26
28/11/2013;1235,32
27/11/2013;1236,65
26/11/2013;1239,89
25/11/2013;1227,72
22/11/2013;1241,55
21/11/2013;1236,69
20/11/2013;1241,3
19/11/2013;1269,3
18/11/2013;1270,35
15/11/2013;1280,42
14/11/2013;1278,53
13/11/2013;1265,89
12/11/2013;1261,28
11/11/2013;1279,39
08/11/2013;1281,4
07/11/2013;1298,71
06/11/2013;1309,45
05/11/2013;1306,75
04/11/2013;1311,74
01/11/2013;1306,3
31/10/2013;1319,4
30/10/2013;1334,81
29/10/2013;1340,87
28/10/2013;1346,5
25/10/2013;1336,54
24/10/2013;1330,6
23/10/2013;1329,8
22/10/2013;1310,45
21/10/2013;1313,56
18/10/2013;1311,95
17/10/2013;1274,8
16/10/2013;1269,57
15/10/2013;1252,27
14/10/2013;1268,8
11/10/2013;1262,63
10/10/2013;1283,03
09/10/2013;1294,65
08/10/2013;1316,3
07/10/2013;1308,81
04/10/2013;1306,56
03/10/2013;1302,42
02/10/2013;1278,85
01/10/2013;1283,2
30/09/2013;1323,56
27/09/2013;1320,43
26/09/2013;1319,15
25/09/2013;1317,11
24/09/2013;1306,51
23/09/2013;1314,26
20/09/2013;1324,86
19/09/2013;1358,8
18/09/2013;1291,95
17/09/2013;1306,5
16/09/2013;1304,46
13/09/2013;1305,03
12/09/2013;1321,05
11/09/2013;1357,46
10/09/2013;1358,2
09/09/2013;1382,83
06/09/2013;1363,28
05/09/2013;1365,77
04/09/2013;1384,85
03/09/2013;1384,7
02/09/2013;1380,05
30/08/2013;1392,77
29/08/2013;1403,17
28/08/2013;1413,9
27/08/2013;1396,75
26/08/2013;1391,44
23/08/2013;1369,14
22/08/2013;1355,8
21/08/2013;1360,1
20/08/2013;1355,26
19/08/2013;1362,49
16/08/2013;1357,95
15/08/2013;1319,31
14/08/2013;1316,55
13/08/2013;1319,27
12/08/2013;1314,6
09/08/2013;1305,56
08/08/2013;1283,85
07/08/2013;1273,25
06/08/2013;1279,85
05/08/2013;1297,86
02/08/2013;1283,19
01/08/2013;1307,2
31/07/2013;1305,91
30/07/2013;1318,5
29/07/2013;1323,32
26/07/2013;1312,82
25/07/2013;1309,35
24/07/2013;1313,55
23/07/2013;1327,15
22/07/2013;1311,76
19/07/2013;1282,55
18/07/2013;1275,05
17/07/2013;1274,21
16/07/2013;1277,56
15/07/2013;1276,26
12/07/2013;1267,9
11/07/2013;1278,81
10/07/2013;1244,47
09/07/2013;1233,9
08/07/2013;1215,95
05/07/2013;1207,99
04/07/2013;1245,4
03/07/2013;1237,05
02/07/2013;1241,8
01/07/2013;1226,31
28/06/2013;1181,82
27/06/2013;1198,06
26/06/2013;1222,91
25/06/2013;1271,92
24/06/2013;1276,35
21/06/2013;1269,39
20/06/2013;1276,8
19/06/2013;1349,35
18/06/2013;1361,15
17/06/2013;1380,94
14/06/2013;1378,54
13/06/2013;1374,7
12/06/2013;1374,35
11/06/2013;1367,26
10/06/2013;1376,49
07/06/2013;1377,86
06/06/2013;1391,84
05/06/2013;1395,69
04/06/2013;1389,86
03/06/2013;1388,94
31/05/2013;1384,64
30/05/2013;1388,69
29/05/2013;1379,99
28/05/2013;1374,14
27/05/2013;1384,24
24/05/2013;1382,7
23/05/2013;1356,74
22/05/2013;1355,47
21/05/2013;1360,3
20/05/2013;1339,45
17/05/2013;1355,6
16/05/2013;1369,9
15/05/2013;1389,65
14/05/2013;1422,26
13/05/2013;1426,34
10/05/2013;1421,11
09/05/2013;1453,7
08/05/2013;1447,9
07/05/2013;1441,72
06/05/2013;1465,1
03/05/2013;1456,4
02/05/2013;1449,3
01/05/2013;1440,6
30/04/2013;1460,99
29/04/2013;1462,45
26/04/2013;1448,69
25/04/2013;1427,25
24/04/2013;1411,79
23/04/2013;1406,55
22/04/2013;1404,61
19/04/2013;1386,46
18/04/2013;1340,36
17/04/2013;1365,1
16/04/2013;1322,46
15/04/2013;1336,54
12/04/2013;1477,5
11/04/2013;1553,71
10/04/2013;1556
09/04/2013;1570,44
08/04/2013;1567,55
05/04/2013;1549,34
04/04/2013;1540,35
03/04/2013;1550,19
02/04/2013;1574
01/04/2013;1594,94
28/03/2013;1594,06
27/03/2013;1591,5
26/03/2013;1594,85
25/03/2013;1589,99
22/03/2013;1603,79
21/03/2013;1604,65
20/03/2013;1603,55
19/03/2013;1600,15
18/03/2013;1592,56
15/03/2013;1588,9
14/03/2013;1576,99
13/03/2013;1585,55
12/03/2013;1580,25
11/03/2013;1575,65
08/03/2013;1561,41
07/03/2013;1574,94
06/03/2013;1567,53
05/03/2013;1571,72
04/03/2013;1569,65
01/03/2013;1564,83
28/02/2013;1574,72
27/02/2013;1592,33
26/02/2013;1584,6
25/02/2013;1575,18
22/02/2013;1570,16
21/02/2013;1554,88
20/02/2013;1558,85
19/02/2013;1600,72
18/02/2013;1607,33
15/02/2013;1598,42
14/02/2013;1632,72
13/02/2013;1640,33
12/02/2013;1639,22
11/02/2013;1643,62
08/02/2013;1665,45
07/02/2013;1663,41
06/02/2013;1668,22
05/02/2013;1666,76
04/02/2013;1661,79
01/02/2013;1660,35
31/01/2013;1658,15
30/01/2013;1662,79
29/01/2013;1654,3
28/01/2013;1652,54
25/01/2013;1655,78
24/01/2013;1665,08
23/01/2013;1683,45
22/01/2013;1686,64
21/01/2013;1684,9
18/01/2013;1683,6
17/01/2013;1666,94
16/01/2013;1673,55
15/01/2013;1666,44
14/01/2013;1660,04
11/01/2013;1654,05
10/01/2013;1654,1
09/01/2013;1651,45
08/01/2013;1646,64
07/01/2013;1642,75
04/01/2013;1626,4
03/01/2013;1660,89
02/01/2013;1670,39
01/01/2013;1664,55
31/12/2012;1655,71
28/12/2012;1653,44
27/12/2012;1653,05
26/12/2012;1650,38
25/12/2012;1657,81
24/12/2012;1652,13
21/12/2012;1635,62
20/12/2012;1635,7
19/12/2012;1663,42
18/12/2012;1661,62
17/12/2012;1687,05
14/12/2012;1693,45
13/12/2012;1689,55
12/12/2012;1707,84
11/12/2012;1705,04
10/12/2012;1702,64
07/12/2012;1684,4
06/12/2012;1686,11
05/12/2012;1684,98
04/12/2012;1691,25
03/12/2012;1712,99
30/11/2012;1709,09
29/11/2012;1718,4
28/11/2012;1706,03
27/11/2012;1738,89
26/11/2012;1746,1
23/11/2012;1728,39
22/11/2012;1728,35
21/11/2012;1720,91
20/11/2012;1722,4
19/11/2012;1713,43
16/11/2012;1706,1
15/11/2012;1705,3
14/11/2012;1720,81
13/11/2012;1718,3
12/11/2012;1725,9
09/11/2012;1727,05
08/11/2012;1713,61
07/11/2012;1702,97
06/11/2012;1683,8
05/11/2012;1672,85
02/11/2012;1674,44
01/11/2012;1713,55
31/10/2012;1709,54
30/10/2012;1705,2
29/10/2012;1706
26/10/2012;1700,95
25/10/2012;1701,4
24/10/2012;1698,89
23/10/2012;1704,11
22/10/2012;1714
19/10/2012;1716,29
18/10/2012;1738,41
17/10/2012;1743,2
16/10/2012;1734,9
15/10/2012;1729,36
12/10/2012;1752,34
11/10/2012;1758,7
10/10/2012;1757,47
09/10/2012;1760,55
08/10/2012;1766,75
05/10/2012;1772,84
04/10/2012;1779,19
03/10/2012;1771
02/10/2012;1771,57
01/10/2012;1763,55
28/09/2012;1767,53
27/09/2012;1751,36
26/09/2012;1738,11
25/09/2012;1758,41
24/09/2012;1755,8
21/09/2012;1766,4
20/09/2012;1756,1
19/09/2012;1765,65
18/09/2012;1752,95
17/09/2012;1754,59
14/09/2012;1765,04
13/09/2012;1717,25
12/09/2012;1725,79
11/09/2012;1725,45
10/09/2012;1724,91
07/09/2012;1689,2
06/09/2012;1691,65
05/09/2012;1687,65
04/09/2012;1689,96
03/09/2012;1685,7
31/08/2012;1647,34
30/08/2012;1651,8
29/08/2012;1652,97
28/08/2012;1657,44
27/08/2012;1663,09
24/08/2012;1662,79
23/08/2012;1652,41
22/08/2012;1634,87
21/08/2012;1618,66
20/08/2012;1610,2
17/08/2012;1611,9
16/08/2012;1600,79
15/08/2012;1590,19
14/08/2012;1594,71
13/08/2012;1607,71
10/08/2012;1605,7
09/08/2012;1609,85
08/08/2012;1603,55
07/08/2012;1609,09
06/08/2012;1602,85
03/08/2012;1586,74
02/08/2012;1585,1
01/08/2012;1592,35
31/07/2012;1610,95
30/07/2012;1614,85
27/07/2012;1611,99
26/07/2012;1601,5
25/07/2012;1579,94
24/07/2012;1568,35
23/07/2012;1564,49
20/07/2012;1574,04
19/07/2012;1573,64
18/07/2012;1568,84
17/07/2012;1572,66
16/07/2012;1578,79
13/07/2012;1566,25
12/07/2012;1554,95
11/07/2012;1565,41
10/07/2012;1565,89
09/07/2012;1576,39
06/07/2012;1576,7
05/07/2012;1598,89
04/07/2012;1611,94
03/07/2012;1596,59
02/07/2012;1587,45
29/06/2012;1550,94
28/06/2012;1547,85
27/06/2012;1563,15
26/06/2012;1567,95
25/06/2012;1566,35
22/06/2012;1558,8
21/06/2012;1564,49
20/06/2012;1590,9
19/06/2012;1617,51
18/06/2012;1607,1
15/06/2012;1619,59
14/06/2012;1610
13/06/2012;1606,2
12/06/2012;1586,9
11/06/2012;1582,89
08/06/2012;1562,05
07/06/2012;1579,75
06/06/2012;1614,34
05/06/2012;1612,71
04/06/2012;1610,71
01/06/2012;1545,3
31/05/2012;1554,09
30/05/2012;1532,1
29/05/2012;1548,64
28/05/2012;1571,13
25/05/2012;1551,9
24/05/2012;1553,15
23/05/2012;1535,41
22/05/2012;1563,29
21/05/2012;1586,8
18/05/2012;1569,05
17/05/2012;1538,8
16/05/2012;1529
15/05/2012;1541,6
14/05/2012;1556
11/05/2012;1573,9
10/05/2012;1586,07
09/05/2012;1579,78
08/05/2012;1595,55
07/05/2012;1634,21
04/05/2012;1626,91
03/05/2012;1631,17
02/05/2012;1646,71
01/05/2012;1658,59
30/04/2012;1644,98
27/04/2012;1650,55
26/04/2012;1643,15
25/04/2012;1624,47
24/04/2012;1633,95
23/04/2012;1621,99
20/04/2012;1638,95
19/04/2012;1632,8
18/04/2012;1639,29
17/04/2012;1635,05
16/04/2012;1641,14
13/04/2012;1649,51
12/04/2012;1651,29
11/04/2012;1653,44
10/04/2012;1632,2
09/04/2012;1627,7
06/04/2012;1628,49
05/04/2012;1620,15
04/04/2012;1612,3
03/04/2012;1639,24
02/04/2012;1676,2
30/03/2012;1659,91
29/03/2012;1645,39
28/03/2012;1655,11
27/03/2012;1679,11
26/03/2012;1655,6
23/03/2012;1642,38
22/03/2012;1629,68
21/03/2012;1646,91
20/03/2012;1643,29
19/03/2012;1654,14
16/03/2012;1639,8
15/03/2012;1636,59
14/03/2012;1635,59
13/03/2012;1662,6
12/03/2012;1692,84
09/03/2012;1677,84
08/03/2012;1682,85
07/03/2012;1671,35
06/03/2012;1664,35
05/03/2012;1694,64
02/03/2012;1705,19
01/03/2012;1694,7
29/02/2012;1688,49
28/02/2012;1766
27/02/2012;1762,24
24/02/2012;1770,74
23/02/2012;1772,29
22/02/2012;1749,54
21/02/2012;1731,09
20/02/2012;1723,67
17/02/2012;1717,45
16/02/2012;1705,49
15/02/2012;1718,52
14/02/2012;1712,2
13/02/2012;1716,47
10/02/2012;1704,14
09/02/2012;1725,69
08/02/2012;1724,95
07/02/2012;1709,79
06/02/2012;1711,79
03/02/2012;1724,35
02/02/2012;1741,49
01/02/2012;1732,95
31/01/2012;1726,8
30/01/2012;1716,69
27/01/2012;1714,8
26/01/2012;1703,65
25/01/2012;1649,19
24/01/2012;1661,29
23/01/2012;1662,59
20/01/2012;1644,69
19/01/2012;1648,94
18/01/2012;1642,74
17/01/2012;1641,45
16/01/2012;1631,44
13/01/2012;1626,06
12/01/2012;1640,39
11/01/2012;1630,29
10/01/2012;1608,62
09/01/2012;1604,94
06/01/2012;1608,89
05/01/2012;1596,74
04/01/2012;1593,1
03/01/2012;1565,85
02/01/2012;1565,37
30/12/2011;1544,75
29/12/2011;1522,64
28/12/2011;1550,1
27/12/2011;1589,75
26/12/2011;1597,86
23/12/2011;1603,15
22/12/2011;1599,15
21/12/2011;1606,4
20/12/2011;1592,35
19/12/2011;1583,44
16/12/2011;1568,86
15/12/2011;1561,07
14/12/2011;1564,85
13/12/2011;1622,75
12/12/2011;1657,9
09/12/2011;1703,54
08/12/2011;1704,51
07/12/2011;1720,65
06/12/2011;1702,85
05/12/2011;1718,44
02/12/2011;1738,15
01/12/2011;1734,1
30/11/2011;1701
29/11/2011;1704,11
28/11/2011;1680,8
25/11/2011;1672,09
24/11/2011;1687,69
23/11/2011;1677,94
22/11/2011;1671,55
21/11/2011;1666,54
18/11/2011;1711,34
17/11/2011;1710,05
16/11/2011;1754,25
15/11/2011;1760,54
14/11/2011;1773,59
11/11/2011;1746,05
10/11/2011;1736,55
09/11/2011;1764,14
08/11/2011;1777,1
07/11/2011;1752,89
04/11/2011;1750
03/11/2011;1722,84
02/11/2011;1715,74
01/11/2011;1683,74
31/10/2011;1706,59
28/10/2011;1733
27/10/2011;1705,74
26/10/2011;1696,7
25/10/2011;1645,24
24/10/2011;1635,6
21/10/2011;1611,44
20/10/2011;1603,99
19/10/2011;1639,4
18/10/2011;1627,2
17/10/2011;1666,44
14/10/2011;1661,5
13/10/2011;1653,19
12/10/2011;1660,39
11/10/2011;1654,46
10/10/2011;1638,09
07/10/2011;1625,95
06/10/2011;1632,24
05/10/2011;1597,25
04/10/2011;1596
03/10/2011;1618,35
30/09/2011;1607,19
29/09/2011;1583,3
28/09/2011;1598,7
27/09/2011;1614,91
26/09/2011;1534,99
23/09/2011;1629,99
22/09/2011;1721,84
21/09/2011;1778,8
20/09/2011;1770,24
19/09/2011;1770,7
16/09/2011;1763,05
15/09/2011;1772,54
14/09/2011;1808,29
13/09/2011;1799,25
12/09/2011;1801,09
09/09/2011;1824,94
08/09/2011;1812,99
07/09/2011;1793,69
06/09/2011;1860,91
05/09/2011;1875,3
02/09/2011;1824
01/09/2011;1814,65
31/08/2011;1812,89
30/08/2011;1784,05
29/08/2011;1776,64
26/08/2011;1757,24
25/08/2011;1703,45
24/08/2011;1749,89
23/08/2011;1823,5
22/08/2011;1858,2
19/08/2011;1821,35
18/08/2011;1784,34
17/08/2011;1779,39
16/08/2011;1761,99
15/08/2011;1728,01
12/08/2011;1723,55
11/08/2011;1734,1
10/08/2011;1740
09/08/2011;1714,75
08/08/2011;1662,67
05/08/2011;1642,4
04/08/2011;1640,09
03/08/2011;1652
02/08/2011;1616,29
01/08/2011;1609,69
29/07/2011;1610,64
28/07/2011;1603,4
27/07/2011;1608,96
26/07/2011;1608,29
25/07/2011;1599,28
22/07/2011;1585,36
21/07/2011;1586,59
20/07/2011;1583
19/07/2011;1582,59
18/07/2011;1593,59
15/07/2011;1577,81
14/07/2011;1579,3
13/07/2011;1564,35
12/07/2011;1542,3
11/07/2011;1541,9
08/07/2011;1526,2
07/07/2011;1524,81
06/07/2011;1511,89
05/07/2011;1493
04/07/2011;1485,91
01/07/2011;1480,01
30/06/2011;1498,7
29/06/2011;1500,5
28/06/2011;1496
27/06/2011;1492,3
24/06/2011;1500,41
23/06/2011;1514,7
22/06/2011;1543,1
21/06/2011;1538,55
20/06/2011;1533,24
17/06/2011;1522,5
16/06/2011;1522,4
15/06/2011;1514,36
14/06/2011;1513,95
13/06/2011;1511,61
10/06/2011;1527,74
09/06/2011;1534,9
08/06/2011;1532,76
07/06/2011;1536,7
06/06/2011;1542,2
03/06/2011;1525,89
02/06/2011;1521,6
01/06/2011;1529,55
31/05/2011;1534,26
30/05/2011;1534,39
27/05/2011;1520
26/05/2011;1515,39
25/05/2011;1523,06
24/05/2011;1515
23/05/2011;1504,05
20/05/2011;1488,95
19/05/2011;1488,4
18/05/2011;1486,3
17/05/2011;1473,5
16/05/2011;1487,89
13/05/2011;1483,03
12/05/2011;1479,3
11/05/2011;1496,15
10/05/2011;1506,17
09/05/2011;1489,99
06/05/2011;1471,05
05/05/2011;1464,4
04/05/2011;1506,5
03/05/2011;1527,96
02/05/2011;1540,89
29/04/2011;1533
28/04/2011;1524,25
27/04/2011;1503,3
26/04/2011;1493
25/04/2011;1503,7
22/04/2011;1502,15
21/04/2011;1502,35
20/04/2011;1495,16
19/04/2011;1489,3
18/04/2011;1477,59
15/04/2011;1473,2
14/04/2011;1454,8
13/04/2011;1450,96
12/04/2011;1443,89
11/04/2011;1459,2
08/04/2011;1458,25
07/04/2011;1454,09
06/04/2011;1451,6
05/04/2011;1430,1
04/04/2011;1427,79
01/04/2011;1413,05
31/03/2011;1422,25
30/03/2011;1412,25
29/03/2011;1412,85
28/03/2011;1411,95
25/03/2011;1422,79
24/03/2011;1425,2
23/03/2011;1427,61
22/03/2011;1424,86
21/03/2011;1425,19
18/03/2011;1403,4
17/03/2011;1388,25
16/03/2011;1393,85
15/03/2011;1382,9
14/03/2011;1419,79
11/03/2011;1404,7
10/03/2011;1403,12
09/03/2011;1423,31
08/03/2011;1423,7
07/03/2011;1428,28
04/03/2011;1413,41
03/03/2011;1410,36
02/03/2011;1427,9
01/03/2011;1409,35
28/02/2011;1404,6
25/02/2011;1399,54
24/02/2011;1392
23/02/2011;1395,7
22/02/2011;1393,14
21/02/2011;1388,45
18/02/2011;1382
17/02/2011;1374,43
16/02/2011;1368,45
15/02/2011;1360,85
14/02/2011;1354,45
11/02/2011;1353,99
10/02/2011;1350,78
09/02/2011;1358,36
08/02/2011;1348,45
07/02/2011;1343,13
04/02/2011;1345,3
03/02/2011;1325,14
02/02/2011;1326,8
01/02/2011;1325,65
31/01/2011;1323,29
28/01/2011;1308,56
27/01/2011;1309,09
26/01/2011;1325,06
25/01/2011;1323,05
24/01/2011;1333,85
21/01/2011;1337,95
20/01/2011;1343
19/01/2011;1365,7
18/01/2011;1360,01
17/01/2011;1357,47
14/01/2011;1355,49
13/01/2011;1370,17
12/01/2011;1376,65
11/01/2011;1372,9
10/01/2011;1365,64
07/01/2011;1353,3
06/01/2011;1364,95
05/01/2011;1364,48
04/01/2011;1372,38
03/01/2011;1412,24